,报告日期,同类型排名-每日近三月排名,总排名-每日近三月排名
0,2013-01-04,51,189
1,2013-01-07,51,190
2,2013-01-08,52,190
3,2013-01-09,54,190
4,2013-01-10,53,190
5,2013-01-11,53,190
6,2013-01-14,54,190
7,2013-01-15,54,190
8,2013-01-16,53,190
9,2013-01-17,52,190
10,2013-01-18,52,190
11,2013-01-21,56,190
12,2013-01-22,61,190
13,2013-01-23,59,190
14,2013-01-24,55,190
15,2013-01-25,58,191
16,2013-01-28,57,191
17,2013-01-29,54,191
18,2013-01-30,55,191
19,2013-01-31,55,191
20,2013-02-01,55,191
21,2013-02-04,51,191
22,2013-02-05,51,191
23,2013-02-06,49,191
24,2013-02-07,51,191
25,2013-02-08,51,191
26,2013-02-18,50,191
27,2013-02-19,48,191
28,2013-02-20,50,191
29,2013-02-21,56,191
30,2013-02-22,53,191
31,2013-02-25,61,191
32,2013-02-26,70,191
33,2013-02-27,78,191
34,2013-02-28,74,191
35,2013-03-01,82,191
36,2013-03-04,87,191
37,2013-03-05,84,191
38,2013-03-06,85,191
39,2013-03-07,94,191
40,2013-03-08,95,191
41,2013-03-11,92,192
42,2013-03-12,90,192
43,2013-03-13,87,192
44,2013-03-14,90,192
45,2013-03-15,87,192
46,2013-03-18,94,192
47,2013-03-19,95,192
48,2013-03-20,95,192
49,2013-03-21,94,192
50,2013-03-22,95,192
51,2013-03-25,89,193
52,2013-03-26,92,193
53,2013-03-27,99,193
54,2013-03-28,102,193
55,2013-03-29,96,193
56,2013-04-01,102,193
57,2013-04-02,105,193
58,2013-04-03,104,193
59,2013-04-08,107,193
60,2013-04-09,103,193
61,2013-04-10,99,193
62,2013-04-11,97,193
63,2013-04-12,97,193
64,2013-04-15,97,193
65,2013-04-16,97,193
66,2013-04-17,99,193
67,2013-04-18,95,193
68,2013-04-19,96,193
69,2013-04-22,93,193
70,2013-04-23,93,193
71,2013-04-24,92,193
72,2013-04-25,92,193
73,2013-04-26,93,193
74,2013-05-02,107,193
75,2013-05-03,106,193
76,2013-05-06,113,197
77,2013-05-07,116,198
78,2013-05-08,108,198
79,2013-05-09,110,198
80,2013-05-10,109,198
81,2013-05-13,110,198
82,2013-05-14,112,198
83,2013-05-15,113,198
84,2013-05-16,111,198
85,2013-05-17,108,198
86,2013-05-20,106,198
87,2013-05-21,102,198
88,2013-05-22,105,198
89,2013-05-23,103,198
90,2013-05-24,101,198
91,2013-05-27,103,198
92,2013-05-28,106,198
93,2013-05-29,103,198
94,2013-05-30,105,198
95,2013-05-31,104,198
96,2013-06-03,102,198
97,2013-06-04,106,198
98,2013-06-05,109,198
99,2013-06-06,110,199
100,2013-06-07,105,199
101,2013-06-13,100,200
102,2013-06-14,103,200
103,2013-06-17,105,200
104,2013-06-18,103,200
105,2013-06-19,103,200
106,2013-06-20,109,200
107,2013-06-21,106,200
108,2013-06-24,107,202
109,2013-06-25,107,202
110,2013-06-26,106,202
111,2013-06-27,107,202
112,2013-06-28,111,208
113,2013-07-01,109,209
114,2013-07-02,110,209
115,2013-07-03,109,209
116,2013-07-04,109,209
117,2013-07-05,109,209
118,2013-07-08,107,209
119,2013-07-09,110,209
120,2013-07-10,108,209
121,2013-07-11,106,210
122,2013-07-12,109,210
123,2013-07-15,105,210
124,2013-07-16,105,210
125,2013-07-17,107,210
126,2013-07-18,109,210
127,2013-07-19,108,210
128,2013-07-22,109,210
129,2013-07-23,107,210
130,2013-07-24,107,211
131,2013-07-25,107,211
132,2013-07-26,107,212
133,2013-07-29,107,212
134,2013-07-30,107,212
135,2013-07-31,107,212
136,2013-08-01,106,212
137,2013-08-02,107,212
138,2013-08-05,108,212
139,2013-08-06,107,212
140,2013-08-07,107,213
141,2013-08-08,108,213
142,2013-08-09,108,213
143,2013-08-12,108,213
144,2013-08-13,107,213
145,2013-08-14,103,213
146,2013-08-15,107,213
147,2013-08-16,106,213
148,2013-08-19,108,213
149,2013-08-20,113,213
150,2013-08-21,106,213
151,2013-08-22,110,213
152,2013-08-23,110,213
153,2013-08-26,108,213
154,2013-08-27,108,213
155,2013-08-28,107,213
156,2013-08-29,108,213
157,2013-08-30,105,213
158,2013-09-02,106,213
159,2013-09-03,110,213
160,2013-09-04,118,213
161,2013-09-05,106,213
162,2013-09-06,108,213
163,2013-09-09,118,213
164,2013-09-10,131,213
165,2013-09-11,116,213
166,2013-09-12,117,213
167,2013-09-13,121,213
168,2013-09-16,123,213
169,2013-09-17,110,213
170,2013-09-18,125,213
171,2013-09-23,121,213
172,2013-09-24,120,213
173,2013-09-25,116,213
174,2013-09-26,111,214
175,2013-09-27,112,214
176,2013-09-30,111,214
177,2013-10-08,106,215
178,2013-10-09,106,215
179,2013-10-10,111,215
180,2013-10-11,120,215
181,2013-10-14,107,215
182,2013-10-15,99,215
183,2013-10-16,106,215
184,2013-10-17,102,215
185,2013-10-18,105,217
186,2013-10-21,104,218
187,2013-10-22,100,218
188,2013-10-23,99,218
189,2013-10-24,85,218
190,2013-10-25,94,218
191,2013-10-28,91,219
192,2013-10-29,83,219
193,2013-10-30,100,219
194,2013-10-31,79,219
195,2013-11-01,87,220
196,2013-11-04,78,220
197,2013-11-05,89,220
198,2013-11-06,87,220
199,2013-11-07,83,220
200,2013-11-08,84,220
201,2013-11-11,94,220
202,2013-11-12,107,220
203,2013-11-13,111,220
204,2013-11-14,107,220
205,2013-11-15,99,220
206,2013-11-18,116,221
207,2013-11-19,122,221
208,2013-11-20,102,221
209,2013-11-21,100,222
210,2013-11-22,110,224
211,2013-11-25,101,228
212,2013-11-26,105,228
213,2013-11-27,102,228
214,2013-11-28,110,228
215,2013-11-29,108,229
216,2013-12-02,81,230
217,2013-12-03,82,230
218,2013-12-04,78,230
219,2013-12-05,84,230
220,2013-12-06,70,230
221,2013-12-09,98,230
222,2013-12-10,104,230
223,2013-12-11,126,230
224,2013-12-12,134,232
225,2013-12-13,133,232
226,2013-12-16,134,232
227,2013-12-17,125,233
228,2013-12-18,129,233
229,2013-12-19,132,233
230,2013-12-20,127,233
231,2013-12-23,120,234
232,2013-12-24,118,234
233,2013-12-25,124,234
234,2013-12-26,110,234
235,2013-12-27,113,236
236,2013-12-30,104,236
237,2013-12-31,102,236
238,2014-01-02,124,235
239,2014-01-03,130,236
240,2014-01-06,125,236
241,2014-01-07,125,235
242,2014-01-08,132,235
243,2014-01-09,130,235
244,2014-01-10,118,236
245,2014-01-13,122,235
246,2014-01-14,140,236
247,2014-01-15,137,235
248,2014-01-16,132,235
249,2014-01-17,139,236
250,2014-01-20,130,236
251,2014-01-21,135,236
252,2014-01-22,144,236
253,2014-01-23,149,236
254,2014-01-24,147,236
255,2014-01-27,136,236
256,2014-01-28,134,236
257,2014-01-29,134,237
258,2014-01-30,136,237
259,2014-02-07,145,240
260,2014-02-10,136,240
261,2014-02-11,139,240
262,2014-02-12,139,240
263,2014-02-13,136,240
264,2014-02-14,140,240
265,2014-02-17,135,240
266,2014-02-18,138,240
267,2014-02-19,137,240
268,2014-02-20,137,240
269,2014-02-21,141,240
270,2014-02-24,134,240
271,2014-02-25,138,240
272,2014-02-26,137,240
273,2014-02-27,134,240
274,2014-02-28,137,241
275,2014-03-03,149,241
276,2014-03-04,143,243
277,2014-03-05,145,243
278,2014-03-06,142,243
279,2014-03-07,143,243
280,2014-03-10,144,243
281,2014-03-11,140,243
282,2014-03-12,147,243
283,2014-03-13,154,243
284,2014-03-14,152,243
285,2014-03-17,148,243
286,2014-03-18,150,243
287,2014-03-19,147,243
288,2014-03-20,146,244
289,2014-03-21,146,244
290,2014-03-24,147,244
291,2014-03-25,147,244
292,2014-03-26,151,245
293,2014-03-27,147,245
294,2014-03-28,138,245
295,2014-03-31,139,245
296,2014-04-01,143,245
297,2014-04-02,137,245
298,2014-04-03,135,245
299,2014-04-04,134,245
300,2014-04-08,121,245
301,2014-04-09,129,245
302,2014-04-10,124,245
303,2014-04-11,123,245
304,2014-04-14,121,245
305,2014-04-15,125,245
306,2014-04-16,125,245
307,2014-04-17,113,245
308,2014-04-18,118,245
309,2014-04-21,125,245
310,2014-04-22,114,245
311,2014-04-23,108,245
312,2014-04-24,107,245
313,2014-04-25,101,245
314,2014-04-28,87,246
315,2014-04-29,94,246
316,2014-04-30,88,246
317,2014-05-05,93,246
318,2014-05-06,101,246
319,2014-05-07,87,247
320,2014-05-08,87,247
321,2014-05-09,88,247
322,2014-05-12,101,246
323,2014-05-13,101,247
324,2014-05-14,92,247
325,2014-05-15,84,247
326,2014-05-16,87,247
327,2014-05-19,87,247
328,2014-05-20,84,247
329,2014-05-21,81,247
330,2014-05-22,86,247
331,2014-05-23,81,247
332,2014-05-26,75,247
333,2014-05-27,85,247
334,2014-05-28,76,247
335,2014-05-29,78,247
336,2014-05-30,78,247
337,2014-06-03,76,247
338,2014-06-04,79,247
339,2014-06-05,76,247
340,2014-06-06,75,247
341,2014-06-09,72,247
342,2014-06-10,67,247
343,2014-06-11,64,247
344,2014-06-12,61,247
345,2014-06-13,64,248
346,2014-06-16,61,249
347,2014-06-17,64,249
348,2014-06-18,58,249
349,2014-06-19,68,249
350,2014-06-20,69,249
351,2014-06-23,79,249
352,2014-06-24,88,249
353,2014-06-25,87,249
354,2014-06-26,78,249
355,2014-06-27,101,249
356,2014-06-30,105,249
357,2014-07-01,108,249
358,2014-07-02,122,249
359,2014-07-03,133,249
360,2014-07-04,133,250
361,2014-07-07,142,250
362,2014-07-08,152,250
363,2014-07-09,136,250
364,2014-07-10,149,250
365,2014-07-11,149,250
366,2014-07-14,138,250
367,2014-07-15,141,250
368,2014-07-16,134,250
369,2014-07-17,127,250
370,2014-07-18,115,250
371,2014-07-21,133,250
372,2014-07-22,135,250
373,2014-07-23,118,250
374,2014-07-24,116,250
375,2014-07-25,132,250
376,2014-07-28,132,250
377,2014-07-29,146,250
378,2014-07-30,135,250
379,2014-07-31,133,250
380,2014-08-01,130,250
381,2014-08-04,131,250
382,2014-08-05,117,252
383,2014-08-06,120,252
384,2014-08-07,136,252
385,2014-08-08,143,252
386,2014-08-11,153,252
387,2014-08-12,144,252
388,2014-08-13,139,252
389,2014-08-14,154,252
390,2014-08-15,144,252
391,2014-08-18,149,252
392,2014-08-19,157,253
393,2014-08-20,146,253
394,2014-08-21,159,253
395,2014-08-22,144,253
396,2014-08-25,145,253
397,2014-08-26,144,253
398,2014-08-27,137,254
399,2014-08-28,133,254
400,2014-08-29,143,254
401,2014-09-01,144,255
402,2014-09-02,147,255
403,2014-09-03,148,256
404,2014-09-04,146,256
405,2014-09-05,138,257
406,2014-09-09,142,257
407,2014-09-10,142,257
408,2014-09-11,147,257
409,2014-09-12,146,257
410,2014-09-15,136,259
411,2014-09-16,134,259
412,2014-09-17,136,260
413,2014-09-18,148,260
414,2014-09-19,144,260
415,2014-09-22,137,261
416,2014-09-23,141,261
417,2014-09-24,142,261
418,2014-09-25,136,261
419,2014-09-26,133,262
420,2014-09-29,137,262
421,2014-09-30,139,262
422,2014-10-08,140,262
423,2014-10-09,145,262
424,2014-10-10,152,262
425,2014-10-13,155,262
426,2014-10-14,148,262
427,2014-10-15,150,262
428,2014-10-16,152,262
429,2014-10-17,158,262
430,2014-10-20,157,265
431,2014-10-21,146,265
432,2014-10-22,146,265
433,2014-10-23,152,265
434,2014-10-24,147,266
435,2014-10-27,147,266
436,2014-10-28,152,266
437,2014-10-29,152,266
438,2014-10-30,148,266
439,2014-10-31,138,266
440,2014-11-03,144,266
441,2014-11-04,142,266
442,2014-11-05,137,266
443,2014-11-06,132,266
444,2014-11-07,136,266
445,2014-11-10,111,266
446,2014-11-11,102,266
447,2014-11-12,115,266
448,2014-11-13,102,267
449,2014-11-14,97,267
450,2014-11-17,101,267
451,2014-11-18,99,267
452,2014-11-19,103,267
453,2014-11-20,109,267
454,2014-11-21,93,267
455,2014-11-24,95,267
456,2014-11-25,95,267
457,2014-11-26,91,267
458,2014-11-27,88,267
459,2014-11-28,84,267
460,2014-12-01,76,267
461,2014-12-02,72,268
462,2014-12-03,73,268
463,2014-12-04,77,268
464,2014-12-05,73,268
465,2014-12-08,78,268
466,2014-12-09,77,268
467,2014-12-10,78,268
468,2014-12-11,76,269
469,2014-12-12,79,270
470,2014-12-15,72,270
471,2014-12-16,73,270
472,2014-12-17,78,270
473,2014-12-18,79,270
474,2014-12-19,80,270
475,2014-12-22,76,270
476,2014-12-23,77,270
477,2014-12-24,77,270
478,2014-12-25,78,270
479,2014-12-26,78,270
480,2014-12-29,76,270
481,2014-12-30,76,270
482,2014-12-31,80,270
483,2015-01-05,85,268
484,2015-01-06,80,270
485,2015-01-07,78,270
486,2015-01-08,82,270
487,2015-01-09,79,270
488,2015-01-12,78,270
489,2015-01-13,76,270
490,2015-01-14,78,270
491,2015-01-15,78,270
492,2015-01-16,78,270
493,2015-01-19,73,270
494,2015-01-20,77,270
495,2015-01-21,75,270
496,2015-01-22,77,270
497,2015-01-23,77,271
498,2015-01-26,78,271
499,2015-01-27,75,271
500,2015-01-28,74,271
501,2015-01-29,73,271
502,2015-01-30,76,274
503,2015-02-02,77,274
504,2015-02-03,75,274
505,2015-02-04,77,274
506,2015-02-05,79,274
507,2015-02-06,76,274
508,2015-02-09,74,274
509,2015-02-10,77,274
510,2015-02-11,78,274
511,2015-02-12,76,274
512,2015-02-13,81,276
513,2015-02-16,85,278
514,2015-02-17,82,278
515,2015-02-25,84,279
516,2015-02-26,88,279
517,2015-02-27,93,280
518,2015-03-02,110,284
519,2015-03-03,122,284
520,2015-03-04,143,284
521,2015-03-05,164,284
522,2015-03-06,158,284
523,2015-03-09,165,284
524,2015-03-10,164,284
525,2015-03-11,163,285
526,2015-03-12,154,285
527,2015-03-13,152,285
528,2015-03-16,175,285
529,2015-03-17,174,286
530,2015-03-18,168,288
531,2015-03-19,167,288
532,2015-03-20,161,288
533,2015-03-23,172,288
534,2015-03-24,170,288
535,2015-03-25,180,288
536,2015-03-26,180,289
537,2015-03-27,181,289
538,2015-03-30,186,289
539,2015-03-31,180,289
540,2015-04-01,181,289
541,2015-04-02,186,289
542,2015-04-03,181,289
543,2015-04-07,174,289
544,2015-04-08,172,290
545,2015-04-09,177,290
546,2015-04-10,178,290
547,2015-04-13,177,290
548,2015-04-14,179,290
549,2015-04-15,173,290
550,2015-04-16,172,290
551,2015-04-17,163,290
552,2015-04-20,163,292
553,2015-04-21,177,292
554,2015-04-22,177,293
555,2015-04-23,187,293
556,2015-04-24,184,293
557,2015-04-27,179,293
558,2015-04-28,164,293
559,2015-04-29,169,294
560,2015-04-30,161,294
561,2015-05-04,156,294
562,2015-05-05,159,294
563,2015-05-06,160,294
564,2015-05-07,162,294
565,2015-05-08,167,294
566,2015-05-11,183,296
567,2015-05-12,183,298
568,2015-05-13,189,300
569,2015-05-14,190,300
570,2015-05-15,186,300
571,2015-05-18,194,300
572,2015-05-19,191,300
573,2015-05-20,192,300
574,2015-05-21,195,300
575,2015-05-22,200,300
576,2015-05-25,198,300
577,2015-05-26,200,300
578,2015-05-27,205,300
579,2015-05-28,198,300
580,2015-05-29,200,300
581,2015-06-01,207,300
582,2015-06-02,210,300
583,2015-06-03,205,300
584,2015-06-04,208,300
585,2015-06-05,217,300
586,2015-06-08,198,300
587,2015-06-09,205,300
588,2015-06-10,208,300
589,2015-06-11,214,300
590,2015-06-12,213,300
591,2015-06-15,213,300
592,2015-06-16,209,300
593,2015-06-17,210,302
594,2015-06-18,210,302
595,2015-06-19,203,302
596,2015-06-23,214,303
597,2015-06-24,215,304
598,2015-06-25,206,305
599,2015-06-26,209,307
600,2015-06-29,195,309
601,2015-06-30,198,312
602,2015-07-01,193,313
603,2015-07-02,177,313
604,2015-07-03,168,313
605,2015-07-06,142,313
606,2015-07-07,116,313
607,2015-07-08,146,314
608,2015-07-09,118,314
609,2015-07-10,110,314
610,2015-07-13,102,314
611,2015-07-14,148,314
612,2015-07-15,167,319
613,2015-07-16,173,321
614,2015-07-17,182,322
615,2015-07-20,186,322
616,2015-07-21,193,322
617,2015-07-22,204,322
618,2015-07-23,195,322
619,2015-07-24,201,323
620,2015-07-27,201,323
621,2015-07-28,194,323
622,2015-07-29,200,324
623,2015-07-30,194,325
624,2015-07-31,187,325
625,2015-08-03,173,325
626,2015-08-04,183,327
627,2015-08-05,188,329
628,2015-08-06,194,331
629,2015-08-07,202,331
630,2015-08-10,191,331
631,2015-08-11,190,331
632,2015-08-12,181,331
633,2015-08-13,184,333
634,2015-08-14,183,334
635,2015-08-17,185,333
636,2015-08-18,168,335
637,2015-08-19,176,336
638,2015-08-20,172,337
639,2015-08-21,148,340
640,2015-08-24,155,340
641,2015-08-25,160,341
642,2015-08-26,134,345
643,2015-08-27,121,349
644,2015-08-28,114,349
645,2015-08-31,116,356
646,2015-09-01,110,356
647,2015-09-02,109,356
648,2015-09-07,111,365
649,2015-09-08,108,365
650,2015-09-09,114,370
651,2015-09-10,122,371
652,2015-09-11,119,371
653,2015-09-14,116,371
654,2015-09-15,110,374
655,2015-09-16,113,378
656,2015-09-17,112,378
657,2015-09-18,109,378
658,2015-09-21,114,381
659,2015-09-22,113,381
660,2015-09-23,113,381
661,2015-09-24,118,383
662,2015-09-25,115,387
663,2015-09-28,113,393
664,2015-09-29,115,396
665,2015-09-30,118,406
666,2015-10-08,209,421
667,2015-10-09,242,425
668,2015-10-12,265,425
669,2015-10-13,258,425
670,2015-10-14,223,424
671,2015-10-15,246,424
672,2015-10-16,251,432
673,2015-10-19,248,433
674,2015-10-20,223,433
675,2015-10-21,137,433
676,2015-10-22,143,433
677,2015-10-23,183,434
678,2015-10-26,181,434
679,2015-10-27,166,434
680,2015-10-28,195,434
681,2015-10-29,185,442
682,2015-10-30,182,442
683,2015-11-02,190,445
684,2015-11-03,239,445
685,2015-11-04,233,445
686,2015-11-05,182,445
687,2015-11-06,185,449
688,2015-11-09,177,449
689,2015-11-10,184,449
690,2015-11-11,200,449
691,2015-11-12,217,449
692,2015-11-13,196,455
693,2015-11-16,219,456
694,2015-11-17,192,458
695,2015-11-18,195,460
696,2015-11-19,197,460
697,2015-11-20,207,461
698,2015-11-23,223,461
699,2015-11-24,216,461
700,2015-11-25,226,462
701,2015-11-26,247,463
702,2015-11-27,251,465
703,2015-11-30,268,465
704,2015-12-01,294,465
705,2015-12-02,285,465
706,2015-12-03,289,465
707,2015-12-04,287,465
708,2015-12-07,296,465
709,2015-12-08,296,463
710,2015-12-09,292,463
711,2015-12-10,291,463
712,2015-12-11,285,463
713,2015-12-14,280,463
714,2015-12-15,301,463
715,2015-12-16,291,463
716,2015-12-17,302,463
717,2015-12-18,295,463
718,2015-12-21,296,463
719,2015-12-22,300,463
720,2015-12-23,294,463
721,2015-12-24,287,463
722,2015-12-25,297,463
723,2015-12-28,295,463
724,2015-12-29,294,463
725,2015-12-30,300,464
726,2015-12-31,295,464
727,2016-01-04,276,464
728,2016-01-05,283,464
729,2016-01-06,287,464
730,2016-01-07,270,464
731,2016-01-08,254,464
732,2016-01-11,232,464
733,2016-01-12,214,464
734,2016-01-13,180,464
735,2016-01-14,198,464
736,2016-01-15,179,464
737,2016-01-18,194,464
738,2016-01-19,203,464
739,2016-01-20,199,464
740,2016-01-21,230,464
741,2016-01-22,204,464
742,2016-01-25,191,464
743,2016-01-26,160,464
744,2016-01-27,162,464
745,2016-01-28,160,464
746,2016-01-29,169,464
747,2016-02-01,169,464
748,2016-02-02,183,464
749,2016-02-03,187,464
750,2016-02-04,177,464
751,2016-02-05,205,464
752,2016-02-15,183,464
753,2016-02-16,177,465
754,2016-02-17,186,465
755,2016-02-18,184,465
756,2016-02-19,182,465
757,2016-02-22,181,465
758,2016-02-23,187,466
759,2016-02-24,174,466
760,2016-02-25,155,466
761,2016-02-26,161,466
762,2016-02-29,159,467
763,2016-03-01,154,467
764,2016-03-02,177,467
765,2016-03-03,168,467
766,2016-03-04,158,467
767,2016-03-07,160,467
768,2016-03-08,158,467
769,2016-03-09,157,467
770,2016-03-10,157,467
771,2016-03-11,160,467
772,2016-03-14,163,467
773,2016-03-15,161,467
774,2016-03-16,159,467
775,2016-03-17,159,467
776,2016-03-18,160,467
777,2016-03-21,167,467
778,2016-03-22,162,467
779,2016-03-23,168,468
780,2016-03-24,166,468
781,2016-03-25,165,468
782,2016-03-28,157,468
783,2016-03-29,154,466
784,2016-03-30,157,466
785,2016-03-31,159,470
786,2016-04-01,163,470
787,2016-04-05,177,470
788,2016-04-06,178,470
789,2016-04-07,224,470
790,2016-04-08,227,470
791,2016-04-11,300,470
792,2016-04-12,313,470
793,2016-04-13,320,470
794,2016-04-14,311,470
795,2016-04-15,317,470
796,2016-04-18,293,470
797,2016-04-19,289,470
798,2016-04-20,193,470
799,2016-04-21,188,472
800,2016-04-22,196,472
801,2016-04-25,181,472
802,2016-04-26,268,473
803,2016-04-27,277,472
804,2016-04-28,315,472
805,2016-04-29,303,472
806,2016-05-03,269,473
807,2016-05-04,245,473
808,2016-05-05,260,473
809,2016-05-06,222,473
810,2016-05-09,185,472
811,2016-05-10,187,472
812,2016-05-11,177,472
813,2016-05-12,174,472
814,2016-05-13,174,472
815,2016-05-16,166,473
816,2016-05-17,163,473
817,2016-05-18,160,473
818,2016-05-19,154,473
819,2016-05-20,157,473
820,2016-05-23,155,473
821,2016-05-24,155,473
822,2016-05-25,165,473
823,2016-05-26,176,473
824,2016-05-27,176,473
825,2016-05-30,227,473
826,2016-05-31,252,473
827,2016-06-01,265,473
828,2016-06-02,257,473
829,2016-06-03,240,473
830,2016-06-06,279,473
831,2016-06-07,274,473
832,2016-06-08,272,473
833,2016-06-13,291,473
834,2016-06-14,293,473
835,2016-06-15,297,471
836,2016-06-16,318,471
837,2016-06-17,325,471
838,2016-06-20,307,471
839,2016-06-21,274,471
840,2016-06-22,294,471
841,2016-06-23,274,470
842,2016-06-24,284,470
843,2016-06-27,284,470
844,2016-06-28,318,470
845,2016-06-29,322,470
846,2016-06-30,295,470
847,2016-07-01,300,470
848,2016-07-04,332,470
849,2016-07-05,311,470
850,2016-07-06,280,470
851,2016-07-07,311,470
852,2016-07-08,317,470
853,2016-07-11,275,470
854,2016-07-12,253,470
855,2016-07-13,252,471
856,2016-07-14,245,471
857,2016-07-15,233,471
858,2016-07-18,266,471
859,2016-07-19,293,471
860,2016-07-20,314,471
861,2016-07-21,321,472
862,2016-07-22,321,472
863,2016-07-25,324,472
864,2016-07-26,320,472
865,2016-07-27,273,472
866,2016-07-28,266,472
867,2016-07-29,258,472
868,2016-08-01,245,472
869,2016-08-02,248,472
870,2016-08-03,222,472
871,2016-08-04,227,472
872,2016-08-05,200,472
873,2016-08-08,254,472
874,2016-08-09,307,472
875,2016-08-10,310,472
876,2016-08-11,334,473
877,2016-08-12,327,473
878,2016-08-15,284,474
879,2016-08-16,271,474
880,2016-08-17,291,474
881,2016-08-18,334,474
882,2016-08-19,325,474
883,2016-08-22,296,476
884,2016-08-23,271,476
885,2016-08-24,294,476
886,2016-08-25,301,476
887,2016-08-26,305,477
888,2016-08-29,303,479
889,2016-08-30,321,479
890,2016-08-31,276,479
891,2016-09-01,267,479
892,2016-09-02,239,479
893,2016-09-05,238,479
894,2016-09-06,236,479
895,2016-09-07,242,479
896,2016-09-08,248,479
897,2016-09-09,248,479
898,2016-09-12,233,479
899,2016-09-13,249,479
900,2016-09-14,252,479
901,2016-09-19,194,480
902,2016-09-20,199,480
903,2016-09-21,211,479
904,2016-09-22,173,479
905,2016-09-23,187,479
906,2016-09-26,187,479
907,2016-09-27,185,479
908,2016-09-28,182,479
909,2016-09-29,154,479
910,2016-09-30,177,480
911,2016-10-10,136,491
912,2016-10-11,150,491
913,2016-10-12,159,491
914,2016-10-13,153,491
915,2016-10-14,157,491
916,2016-10-17,170,490
917,2016-10-18,144,490
918,2016-10-19,139,490
919,2016-10-20,147,490
920,2016-10-21,137,490
921,2016-10-24,137,492
922,2016-10-25,136,492
923,2016-10-26,150,494
924,2016-10-27,165,494
925,2016-10-28,169,495
926,2016-10-31,165,495
927,2016-11-01,192,495
928,2016-11-02,179,495
929,2016-11-03,158,495
930,2016-11-04,158,495
931,2016-11-07,178,496
932,2016-11-08,166,496
933,2016-11-09,155,496
934,2016-11-10,154,496
935,2016-11-11,177,496
936,2016-11-14,179,496
937,2016-11-15,229,496
938,2016-11-16,208,496
939,2016-11-17,197,497
940,2016-11-18,201,497
941,2016-11-21,177,497
942,2016-11-22,188,497
943,2016-11-23,175,497
944,2016-11-24,165,497
945,2016-11-25,170,497
946,2016-11-28,157,497
947,2016-11-29,131,497
948,2016-11-30,124,499
949,2016-12-01,133,499
950,2016-12-02,125,499
951,2016-12-05,141,499
952,2016-12-06,139,499
953,2016-12-07,144,499
954,2016-12-08,150,499
955,2016-12-09,157,499
956,2016-12-12,149,499
957,2016-12-13,165,499
958,2016-12-14,166,499
959,2016-12-15,174,499
960,2016-12-16,169,499
961,2016-12-19,175,500
962,2016-12-20,168,500
963,2016-12-21,169,500
964,2016-12-22,169,500
965,2016-12-23,164,500
966,2016-12-26,172,503
967,2016-12-27,159,503
968,2016-12-28,163,503
969,2016-12-29,162,505
970,2016-12-30,163,505
971,2017-01-03,161,505
972,2017-01-04,161,505
973,2017-01-05,163,505
974,2017-01-06,165,505
975,2017-01-09,173,505
976,2017-01-10,169,506
977,2017-01-11,181,506
978,2017-01-12,177,508
979,2017-01-13,181,508
980,2017-01-16,167,508
981,2017-01-17,163,508
982,2017-01-18,167,508
983,2017-01-19,160,508
984,2017-01-20,158,508
985,2017-01-23,168,508
986,2017-01-24,181,508
987,2017-01-25,167,507
988,2017-01-26,165,507
989,2017-02-03,187,509
990,2017-02-06,193,509
991,2017-02-07,189,509
992,2017-02-08,187,509
993,2017-02-09,179,509
994,2017-02-10,194,510
995,2017-02-13,186,512
996,2017-02-14,198,512
997,2017-02-15,175,512
998,2017-02-16,195,512
999,2017-02-17,192,512
1000,2017-02-20,173,512
1001,2017-02-21,180,512
1002,2017-02-22,193,512
1003,2017-02-23,214,514
1004,2017-02-24,232,514
1005,2017-02-27,234,514
1006,2017-02-28,277,517
1007,2017-03-01,285,517
1008,2017-03-02,281,517
1009,2017-03-03,302,517
1010,2017-03-06,274,517
1011,2017-03-07,258,517
1012,2017-03-08,249,517
1013,2017-03-09,275,518
1014,2017-03-10,277,518
1015,2017-03-13,323,518
1016,2017-03-14,305,518
1017,2017-03-15,211,519
1018,2017-03-16,226,519
1019,2017-03-17,227,519
1020,2017-03-20,205,520
1021,2017-03-21,204,520
1022,2017-03-22,213,526
1023,2017-03-23,221,526
1024,2017-03-24,203,526
1025,2017-03-27,196,526
1026,2017-03-28,195,526
1027,2017-03-29,205,529
1028,2017-03-30,176,526
1029,2017-03-31,181,526
1030,2017-04-05,184,529
1031,2017-04-06,182,529
1032,2017-04-07,194,529
1033,2017-04-10,179,530
1034,2017-04-11,197,530
1035,2017-04-12,190,530
1036,2017-04-13,273,530
1037,2017-04-14,257,527
1038,2017-04-17,298,527
1039,2017-04-18,309,532
1040,2017-04-19,301,532
1041,2017-04-20,274,532
1042,2017-04-21,245,532
1043,2017-04-24,193,532
1044,2017-04-25,196,536
1045,2017-04-26,198,536
1046,2017-04-27,204,536
1047,2017-04-28,208,536
1048,2017-05-02,216,536
1049,2017-05-03,208,533
1050,2017-05-04,219,536
1051,2017-05-05,222,536
1052,2017-05-08,182,536
1053,2017-05-09,192,535
1054,2017-05-10,182,537
1055,2017-05-11,187,537
1056,2017-05-12,176,537
1057,2017-05-15,180,537
1058,2017-05-16,189,537
1059,2017-05-17,197,537
1060,2017-05-18,186,537
1061,2017-05-19,197,537
1062,2017-05-22,186,537
1063,2017-05-23,160,544
1064,2017-05-24,166,544
1065,2017-05-25,135,541
1066,2017-05-26,142,541
1067,2017-05-31,130,544
1068,2017-06-01,130,544
1069,2017-06-02,126,544
1070,2017-06-05,126,547
1071,2017-06-06,134,547
1072,2017-06-07,119,547
1073,2017-06-08,117,549
1074,2017-06-09,116,549
1075,2017-06-12,111,550
1076,2017-06-13,116,551
1077,2017-06-14,121,551
1078,2017-06-15,121,551
1079,2017-06-16,125,553
1080,2017-06-19,121,553
1081,2017-06-20,122,553
1082,2017-06-21,116,554
1083,2017-06-22,123,554
1084,2017-06-23,118,554
1085,2017-06-26,125,554
1086,2017-06-27,129,554
1087,2017-06-28,133,554
1088,2017-06-29,139,554
1089,2017-06-30,131,554
1090,2017-07-03,133,554
1091,2017-07-04,134,554
1092,2017-07-05,138,554
1093,2017-07-06,140,554
1094,2017-07-07,137,554
1095,2017-07-10,137,555
1096,2017-07-11,142,556
1097,2017-07-12,138,556
1098,2017-07-13,134,556
1099,2017-07-14,140,557
1100,2017-07-17,130,557
1101,2017-07-18,132,557
1102,2017-07-19,147,557
1103,2017-07-20,145,558
1104,2017-07-21,152,558
1105,2017-07-24,161,558
1106,2017-07-25,153,559
1107,2017-07-26,156,559
1108,2017-07-27,152,563
1109,2017-07-28,158,563
1110,2017-07-31,166,563
1111,2017-08-01,162,563
1112,2017-08-02,162,564
1113,2017-08-03,164,564
1114,2017-08-04,164,565
1115,2017-08-07,171,565
1116,2017-08-08,179,566
1117,2017-08-09,179,566
1118,2017-08-10,188,568
1119,2017-08-11,184,568
1120,2017-08-14,175,568
1121,2017-08-15,202,568
1122,2017-08-16,187,568
1123,2017-08-17,178,570
1124,2017-08-18,179,574
1125,2017-08-21,182,574
1126,2017-08-22,199,574
1127,2017-08-23,213,572
1128,2017-08-24,213,574
1129,2017-08-25,217,575
1130,2017-08-28,219,575
1131,2017-08-29,215,575
1132,2017-08-30,227,575
1133,2017-08-31,263,575
1134,2017-09-01,323,576
1135,2017-09-04,315,581
1136,2017-09-05,291,581
1137,2017-09-06,310,582
1138,2017-09-07,282,583
1139,2017-09-08,297,583
1140,2017-09-11,318,583
1141,2017-09-12,333,583
1142,2017-09-13,315,586
1143,2017-09-14,310,586
1144,2017-09-15,268,586
1145,2017-09-18,290,586
1146,2017-09-19,285,586
1147,2017-09-20,287,586
1148,2017-09-21,292,586
1149,2017-09-22,325,586
1150,2017-09-25,305,586
1151,2017-09-26,302,586
1152,2017-09-27,343,586
1153,2017-09-28,332,584
1154,2017-09-29,323,587
1155,2017-10-09,305,595
1156,2017-10-10,310,595
1157,2017-10-11,306,595
1158,2017-10-12,294,595
1159,2017-10-13,310,595
1160,2017-10-16,317,597
1161,2017-10-17,374,597
1162,2017-10-18,364,598
1163,2017-10-19,343,598
1164,2017-10-20,366,598
1165,2017-10-23,358,599
1166,2017-10-24,336,599
1167,2017-10-25,331,599
1168,2017-10-26,320,599
1169,2017-10-27,258,600
1170,2017-10-30,225,600
1171,2017-10-31,234,602
1172,2017-11-01,259,602
1173,2017-11-02,243,603
1174,2017-11-03,209,606
1175,2017-11-06,226,604
1176,2017-11-07,221,604
1177,2017-11-08,223,604
1178,2017-11-09,214,604
1179,2017-11-10,224,608
1180,2017-11-13,217,606
1181,2017-11-14,202,606
1182,2017-11-15,182,606
1183,2017-11-16,183,606
1184,2017-11-17,170,608
1185,2017-11-20,175,606
1186,2017-11-21,162,606
1187,2017-11-22,154,606
1188,2017-11-23,161,606
1189,2017-11-24,159,610
1190,2017-11-27,156,609
1191,2017-11-28,172,610
1192,2017-11-29,165,610
1193,2017-11-30,163,611
1194,2017-12-01,165,613
1195,2017-12-04,171,611
1196,2017-12-05,150,611
1197,2017-12-06,161,613
1198,2017-12-07,159,613
1199,2017-12-08,160,617
1200,2017-12-11,157,615
1201,2017-12-12,169,615
1202,2017-12-13,167,617
1203,2017-12-14,167,617
1204,2017-12-15,177,621
1205,2017-12-18,164,619
1206,2017-12-19,171,619
1207,2017-12-20,162,619
1208,2017-12-21,167,621
1209,2017-12-22,176,623
1210,2017-12-25,172,616
1211,2017-12-26,166,617
1212,2017-12-27,160,622
1213,2017-12-28,164,623
1214,2017-12-29,171,626
1215,2018-01-02,174,624
1216,2018-01-03,173,624
1217,2018-01-04,176,624
1218,2018-01-05,179,626
1219,2018-01-08,178,623
1220,2018-01-09,179,623
1221,2018-01-10,163,623
1222,2018-01-11,163,623
1223,2018-01-12,170,625
1224,2018-01-15,172,623
1225,2018-01-16,167,623
1226,2018-01-17,174,623
1227,2018-01-18,176,623
1228,2018-01-19,172,625
1229,2018-01-22,167,623
1230,2018-01-23,167,623
1231,2018-01-24,170,622
1232,2018-01-25,174,622
1233,2018-01-26,174,624
1234,2018-01-29,175,622
1235,2018-01-30,191,622
1236,2018-01-31,182,622
1237,2018-02-01,175,624
1238,2018-02-02,186,624
1239,2018-02-05,185,624
1240,2018-02-06,179,624
1241,2018-02-07,186,624
1242,2018-02-08,198,624
1243,2018-02-09,198,624
1244,2018-02-12,217,624
1245,2018-02-13,205,619
1246,2018-02-14,209,621
1247,2018-02-22,248,622
1248,2018-02-23,238,624
1249,2018-02-26,226,624
1250,2018-02-27,245,624
1251,2018-02-28,232,624
1252,2018-03-01,230,626
1253,2018-03-02,226,628
1254,2018-03-05,363,630
1255,2018-03-06,280,630
1256,2018-03-07,242,630
1257,2018-03-08,258,631
1258,2018-03-09,272,633
1259,2018-03-12,277,628
1260,2018-03-13,300,628
1261,2018-03-14,262,628
1262,2018-03-15,231,628
1263,2018-03-16,243,630
1264,2018-03-19,250,628
1265,2018-03-20,279,628
1266,2018-03-21,253,628
1267,2018-03-22,285,629
1268,2018-03-23,246,631
1269,2018-03-26,298,633
1270,2018-03-27,318,633
1271,2018-03-28,364,636
1272,2018-03-29,332,636
1273,2018-03-30,362,635
1274,2018-04-02,365,635
1275,2018-04-03,362,635
1276,2018-04-04,350,637
1277,2018-04-09,360,638
1278,2018-04-10,367,638
1279,2018-04-11,363,638
1280,2018-04-12,386,638
1281,2018-04-13,396,640
1282,2018-04-16,424,638
1283,2018-04-17,419,635
1284,2018-04-18,416,635
1285,2018-04-19,432,636
1286,2018-04-20,430,639
1287,2018-04-23,412,635
1288,2018-04-24,421,635
1289,2018-04-25,419,635
1290,2018-04-26,420,632
1291,2018-04-27,424,634
1292,2018-05-02,450,640
1293,2018-05-03,465,640
1294,2018-05-04,465,642
1295,2018-05-07,456,646
1296,2018-05-08,432,646
1297,2018-05-09,446,646
1298,2018-05-10,447,646
1299,2018-05-11,447,651
1300,2018-05-14,458,654
1301,2018-05-15,446,654
1302,2018-05-16,455,654
1303,2018-05-17,462,654
1304,2018-05-18,463,657
1305,2018-05-21,463,654
1306,2018-05-22,475,651
1307,2018-05-23,455,654
1308,2018-05-24,462,655
1309,2018-05-25,456,656
1310,2018-05-28,377,654
1311,2018-05-29,382,654
1312,2018-05-30,369,654
1313,2018-05-31,344,654
1314,2018-06-01,312,656
1315,2018-06-04,278,654
1316,2018-06-05,276,654
1317,2018-06-06,298,654
1318,2018-06-07,275,655
1319,2018-06-08,284,659
1320,2018-06-11,235,659
1321,2018-06-12,225,659
1322,2018-06-13,239,659
1323,2018-06-14,250,659
1324,2018-06-15,254,661
1325,2018-06-19,269,660
1326,2018-06-20,252,660
1327,2018-06-21,263,664
1328,2018-06-22,256,666
1329,2018-06-25,264,666
1330,2018-06-26,269,666
1331,2018-06-27,277,666
1332,2018-06-28,269,666
1333,2018-06-29,264,668
1334,2018-07-02,263,665
1335,2018-07-03,272,665
1336,2018-07-04,272,667
1337,2018-07-05,278,667
1338,2018-07-06,275,669
1339,2018-07-09,265,669
1340,2018-07-10,266,667
1341,2018-07-11,272,667
1342,2018-07-12,267,667
1343,2018-07-13,257,671
1344,2018-07-16,248,670
1345,2018-07-17,254,667
1346,2018-07-18,248,667
1347,2018-07-19,258,674
1348,2018-07-20,256,676
1349,2018-07-23,278,674
1350,2018-07-24,260,676
1351,2018-07-25,270,676
1352,2018-07-26,253,680
1353,2018-07-27,240,684
1354,2018-07-30,238,682
1355,2018-07-31,240,680
1356,2018-08-01,242,679
1357,2018-08-02,250,679
1358,2018-08-03,263,681
1359,2018-08-06,251,679
1360,2018-08-07,252,677
1361,2018-08-08,261,677
1362,2018-08-09,254,677
1363,2018-08-10,255,679
1364,2018-08-13,261,676
1365,2018-08-14,284,678
1366,2018-08-15,266,678
1367,2018-08-16,249,680
1368,2018-08-17,243,681
1369,2018-08-20,247,679
1370,2018-08-21,245,675
1371,2018-08-22,239,675
1372,2018-08-23,246,677
1373,2018-08-24,235,677
1374,2018-08-27,234,676
1375,2018-08-28,235,676
1376,2018-08-29,229,676
1377,2018-08-30,234,678
1378,2018-08-31,255,678
1379,2018-09-03,261,679
1380,2018-09-04,261,679
1381,2018-09-05,266,679
1382,2018-09-06,267,679
1383,2018-09-07,265,680
1384,2018-09-10,265,682
1385,2018-09-11,274,680
1386,2018-09-12,276,680
1387,2018-09-13,281,683
1388,2018-09-14,254,685
1389,2018-09-17,278,686
1390,2018-09-18,278,686
1391,2018-09-19,336,686
1392,2018-09-20,312,683
1393,2018-09-21,295,688
1394,2018-09-25,274,680
1395,2018-09-26,253,690
1396,2018-09-27,207,687
1397,2018-09-28,182,689
1398,2018-10-08,211,694
1399,2018-10-09,223,694
1400,2018-10-10,227,695
1401,2018-10-11,210,696
1402,2018-10-12,223,699
1403,2018-10-15,220,698
1404,2018-10-16,210,698
1405,2018-10-17,210,694
1406,2018-10-18,212,698
1407,2018-10-19,209,700
1408,2018-10-22,221,696
1409,2018-10-23,221,698
1410,2018-10-24,226,698
1411,2018-10-25,222,698
1412,2018-10-26,230,701
1413,2018-10-29,229,698
1414,2018-10-30,216,698
1415,2018-10-31,218,698
1416,2018-11-01,220,699
1417,2018-11-02,214,701
1418,2018-11-05,194,699
1419,2018-11-06,200,697
1420,2018-11-07,215,697
1421,2018-11-08,213,698
1422,2018-11-09,230,701
1423,2018-11-12,227,698
1424,2018-11-13,217,700
1425,2018-11-14,227,702
1426,2018-11-15,218,701
1427,2018-11-16,236,704
1428,2018-11-19,208,702
1429,2018-11-20,225,702
1430,2018-11-21,247,702
1431,2018-11-22,240,702
1432,2018-11-23,233,704
1433,2018-11-26,240,702
1434,2018-11-27,264,702
1435,2018-11-28,255,702
1436,2018-11-29,240,702
1437,2018-11-30,239,706
1438,2018-12-03,229,705
1439,2018-12-04,250,706
1440,2018-12-05,233,708
1441,2018-12-06,233,708
1442,2018-12-07,252,710
1443,2018-12-10,250,709
1444,2018-12-11,269,709
1445,2018-12-12,249,709
1446,2018-12-13,254,711
1447,2018-12-14,254,713
1448,2018-12-17,255,711
1449,2018-12-18,268,711
1450,2018-12-19,284,713
1451,2018-12-20,301,713
1452,2018-12-21,382,716
1453,2018-12-24,407,709
1454,2018-12-25,364,709
1455,2018-12-26,390,708
1456,2018-12-27,404,710
1457,2018-12-28,384,712
1458,2019-01-02,428,715
1459,2019-01-03,381,716
1460,2019-01-04,384,719
1461,2019-01-07,428,716
1462,2019-01-08,390,716
1463,2019-01-09,391,716
1464,2019-01-10,353,718
1465,2019-01-11,446,721
1466,2019-01-14,475,718
1467,2019-01-15,457,718
1468,2019-01-16,476,718
1469,2019-01-17,468,720
1470,2019-01-18,434,722
1471,2019-01-21,458,722
1472,2019-01-22,453,723
1473,2019-01-23,466,724
1474,2019-01-24,477,726
1475,2019-01-25,472,731
1476,2019-01-28,461,730
1477,2019-01-29,302,730
1478,2019-01-30,321,730
1479,2019-01-31,245,725
1480,2019-02-01,304,727
1481,2019-02-11,240,737
1482,2019-02-12,230,737
1483,2019-02-13,226,737
1484,2019-02-14,217,741
1485,2019-02-15,232,744
1486,2019-02-18,206,742
1487,2019-02-19,264,742
1488,2019-02-20,225,742
1489,2019-02-21,223,742
1490,2019-02-22,219,748
1491,2019-02-25,220,746
1492,2019-02-26,262,746
1493,2019-02-27,218,749
1494,2019-02-28,284,755
1495,2019-03-01,252,757
1496,2019-03-04,276,757
1497,2019-03-05,359,757
1498,2019-03-06,349,757
1499,2019-03-07,388,759
1500,2019-03-08,403,761
1501,2019-03-11,423,762
1502,2019-03-12,441,762
1503,2019-03-13,453,763
1504,2019-03-14,431,764
1505,2019-03-15,434,764
1506,2019-03-18,422,764
1507,2019-03-19,442,765
1508,2019-03-20,428,765
1509,2019-03-21,442,768
1510,2019-03-22,443,768
1511,2019-03-25,463,772
1512,2019-03-26,421,772
1513,2019-03-27,422,773
1514,2019-03-28,414,773
1515,2019-03-29,409,773
1516,2019-04-01,412,770
1517,2019-04-02,425,770
1518,2019-04-03,429,772
1519,2019-04-04,428,773
1520,2019-04-08,418,772
1521,2019-04-09,413,770
1522,2019-04-10,406,770
1523,2019-04-11,416,770
1524,2019-04-12,416,773
1525,2019-04-15,428,775
1526,2019-04-16,403,776
1527,2019-04-17,423,778
1528,2019-04-18,433,779
1529,2019-04-19,408,775
1530,2019-04-22,447,779
1531,2019-04-23,408,784
1532,2019-04-24,412,787
1533,2019-04-25,417,791
1534,2019-04-26,413,791
1535,2019-04-29,385,790
1536,2019-04-30,437,790
1537,2019-05-06,387,795
1538,2019-05-07,405,795
1539,2019-05-08,432,795
1540,2019-05-09,449,795
1541,2019-05-10,444,795
1542,2019-05-13,478,790
1543,2019-05-14,472,795
1544,2019-05-15,425,795
1545,2019-05-16,439,795
1546,2019-05-17,402,795
1547,2019-05-20,452,795
1548,2019-05-21,440,795
1549,2019-05-22,447,795
1550,2019-05-23,450,795
1551,2019-05-24,387,795
1552,2019-05-27,452,800
1553,2019-05-28,397,801
1554,2019-05-29,407,801
1555,2019-05-30,405,801
1556,2019-05-31,409,801
1557,2019-06-03,399,801
1558,2019-06-04,379,801
1559,2019-06-05,331,801
1560,2019-06-06,311,802
1561,2019-06-10,283,804
1562,2019-06-11,274,805
1563,2019-06-12,267,805
1564,2019-06-13,257,807
1565,2019-06-14,258,808
1566,2019-06-17,261,809
1567,2019-06-18,264,809
1568,2019-06-19,261,811
1569,2019-06-20,256,816
1570,2019-06-21,253,816
1571,2019-06-24,250,816
1572,2019-06-25,237,817
1573,2019-06-26,231,821
1574,2019-06-27,248,819
1575,2019-06-28,244,819
1576,2019-07-01,261,810
1577,2019-07-02,268,817
1578,2019-07-03,285,818
1579,2019-07-04,300,819
1580,2019-07-05,293,819
1581,2019-07-08,284,818
1582,2019-07-09,293,820
1583,2019-07-10,285,820
1584,2019-07-11,280,820
1585,2019-07-12,262,820
1586,2019-07-15,279,822
1587,2019-07-16,320,827
1588,2019-07-17,315,827
1589,2019-07-18,314,828
1590,2019-07-19,318,828
1591,2019-07-22,316,829
1592,2019-07-23,326,829
1593,2019-07-24,312,830
1594,2019-07-25,313,831
1595,2019-07-26,307,835
1596,2019-07-29,323,835
1597,2019-07-30,325,835
1598,2019-07-31,333,835
1599,2019-08-01,334,835
1600,2019-08-02,323,835
1601,2019-08-05,325,835
1602,2019-08-06,361,835
1603,2019-08-07,336,835
1604,2019-08-08,334,836
1605,2019-08-09,317,837
1606,2019-08-12,318,838
1607,2019-08-13,308,838
1608,2019-08-14,334,838
1609,2019-08-15,359,838
1610,2019-08-16,344,840
1611,2019-08-19,351,841
1612,2019-08-20,336,841
1613,2019-08-21,347,842
1614,2019-08-22,337,843
1615,2019-08-23,343,846
1616,2019-08-26,385,847
1617,2019-08-27,364,851
1618,2019-08-28,385,851
1619,2019-08-29,383,851
1620,2019-08-30,376,851
1621,2019-09-02,379,851
1622,2019-09-03,400,851
1623,2019-09-04,398,851
1624,2019-09-05,408,858
1625,2019-09-06,435,858
1626,2019-09-09,484,858
1627,2019-09-10,494,858
1628,2019-09-11,479,855
1629,2019-09-12,454,855
1630,2019-09-16,506,863
1631,2019-09-17,497,863
1632,2019-09-18,502,863
1633,2019-09-19,523,863
1634,2019-09-20,522,863
1635,2019-09-23,509,864
1636,2019-09-24,518,864
1637,2019-09-25,479,864
1638,2019-09-26,461,870
1639,2019-09-27,461,866
1640,2019-09-30,489,867
1641,2019-10-08,502,875
1642,2019-10-09,513,877
1643,2019-10-10,542,877
1644,2019-10-11,527,878
1645,2019-10-14,543,878
1646,2019-10-15,505,880
1647,2019-10-16,473,883
1648,2019-10-17,473,883
1649,2019-10-18,490,883
1650,2019-10-21,496,883
1651,2019-10-22,535,884
1652,2019-10-23,527,885
1653,2019-10-24,540,885
1654,2019-10-25,522,885
1655,2019-10-28,536,887
1656,2019-10-29,528,887
1657,2019-10-30,495,887
1658,2019-10-31,460,892
1659,2019-11-01,439,893
1660,2019-11-04,444,894
1661,2019-11-05,436,893
1662,2019-11-06,436,893
1663,2019-11-07,464,893
1664,2019-11-08,465,900
1665,2019-11-11,445,900
1666,2019-11-12,450,900
1667,2019-11-13,470,900
1668,2019-11-14,447,901
1669,2019-11-15,456,901
1670,2019-11-18,507,902
1671,2019-11-19,480,902
1672,2019-11-20,495,904
1673,2019-11-21,494,907
1674,2019-11-22,506,907
1675,2019-11-25,518,908
1676,2019-11-26,470,909
1677,2019-11-27,493,909
1678,2019-11-28,464,909
1679,2019-11-29,491,913
1680,2019-12-02,516,915
1681,2019-12-03,499,917
1682,2019-12-04,528,917
1683,2019-12-05,523,917
1684,2019-12-06,552,920
1685,2019-12-09,509,922
1686,2019-12-10,545,924
1687,2019-12-11,512,926
1688,2019-12-12,563,927
1689,2019-12-13,532,927
1690,2019-12-16,517,926
1691,2019-12-17,491,928
1692,2019-12-18,513,928
1693,2019-12-19,535,927
1694,2019-12-20,498,931
1695,2019-12-23,478,932
1696,2019-12-24,476,931
1697,2019-12-25,516,926
1698,2019-12-26,585,932
1699,2019-12-27,540,942
1700,2019-12-30,549,942
1701,2019-12-31,547,942
1702,2020-01-02,564,942
1703,2020-01-03,576,942
1704,2020-01-06,601,942
1705,2020-01-07,606,942
1706,2020-01-08,607,944
1707,2020-01-09,608,944
1708,2020-01-10,594,944
1709,2020-01-13,601,944
1710,2020-01-14,607,945
1711,2020-01-15,599,945
1712,2020-01-16,624,945
1713,2020-01-17,636,946
1714,2020-01-20,614,946
1715,2020-01-21,644,948
1716,2020-01-22,647,940
1717,2020-01-23,650,940
1718,2020-02-03,709,959
1719,2020-02-04,686,959
1720,2020-02-05,676,959
1721,2020-02-06,683,962
1722,2020-02-07,678,964
1723,2020-02-10,674,964
1724,2020-02-11,683,964
1725,2020-02-12,667,964
1726,2020-02-13,688,968
1727,2020-02-14,697,969
1728,2020-02-17,694,971
1729,2020-02-18,690,972
1730,2020-02-19,686,973
1731,2020-02-20,644,975
1732,2020-02-21,665,978
1733,2020-02-24,663,980
1734,2020-02-25,656,981
1735,2020-02-26,673,982
1736,2020-02-27,677,982
1737,2020-02-28,674,988
1738,2020-03-02,680,992
1739,2020-03-03,673,994
1740,2020-03-04,685,995
1741,2020-03-05,694,997
1742,2020-03-06,685,1002
1743,2020-03-09,681,1005
1744,2020-03-10,673,1009
1745,2020-03-11,674,1011
1746,2020-03-12,676,1011
1747,2020-03-13,714,1013
1748,2020-03-16,735,1014
1749,2020-03-17,729,1014
1750,2020-03-18,734,1016
1751,2020-03-19,724,1020
1752,2020-03-20,731,1022
1753,2020-03-23,726,1022
1754,2020-03-24,744,1024
1755,2020-03-25,745,1029
1756,2020-03-26,736,1032
1757,2020-03-27,745,1035
1758,2020-03-30,735,1037
1759,2020-03-31,719,1042
1760,2020-04-01,709,1042
1761,2020-04-02,727,1034
1762,2020-04-03,714,1034
1763,2020-04-07,718,1042
1764,2020-04-08,723,1042
1765,2020-04-09,739,1042
1766,2020-04-10,726,1033
1767,2020-04-13,726,1035
1768,2020-04-14,730,1042
1769,2020-04-15,734,1044
1770,2020-04-16,730,1046
1771,2020-04-17,730,1048
1772,2020-04-20,762,1058
1773,2020-04-21,760,1063
1774,2020-04-22,751,1065
1775,2020-04-23,721,1065
1776,2020-04-24,699,1065
1777,2020-04-27,688,1065
1778,2020-04-28,655,1058
1779,2020-04-29,654,1058
1780,2020-04-30,686,1058
1781,2020-05-06,747,1066
1782,2020-05-07,716,1066
1783,2020-05-08,720,1066
1784,2020-05-11,733,1066
1785,2020-05-12,709,1066
1786,2020-05-13,698,1066
1787,2020-05-14,713,1066
1788,2020-05-15,734,1066
1789,2020-05-18,615,1065
1790,2020-05-19,651,1065
1791,2020-05-20,647,1068
1792,2020-05-21,552,1068
1793,2020-05-22,575,1068
1794,2020-05-25,487,1069
1795,2020-05-26,568,1071
1796,2020-05-27,539,1073
1797,2020-05-28,629,1074
1798,2020-05-29,624,1074
1799,2020-06-01,638,1074
1800,2020-06-02,612,1074
1801,2020-06-03,614,1075
1802,2020-06-04,625,1076
1803,2020-06-05,657,1079
1804,2020-06-08,581,1081
1805,2020-06-09,660,1081
1806,2020-06-10,652,1082
1807,2020-06-11,683,1082
1808,2020-06-12,677,1081
1809,2020-06-15,662,1082
1810,2020-06-16,658,1082
1811,2020-06-17,674,1081
1812,2020-06-18,648,1085
1813,2020-06-19,555,1085
1814,2020-06-22,590,1092
1815,2020-06-23,598,1083
1816,2020-06-24,586,1082
1817,2020-06-29,643,1099
1818,2020-06-30,649,1098
1819,2020-07-01,630,1095
1820,2020-07-02,641,1096
1821,2020-07-03,615,1105
1822,2020-07-06,570,1105
1823,2020-07-07,584,1105
1824,2020-07-08,589,1104
1825,2020-07-09,609,1105
1826,2020-07-10,690,1107
1827,2020-07-13,692,1111
1828,2020-07-14,699,1111
1829,2020-07-15,695,1111
1830,2020-07-16,701,1111
1831,2020-07-17,725,1115
1832,2020-07-20,708,1115
1833,2020-07-21,699,1115
1834,2020-07-22,723,1119
1835,2020-07-23,723,1127
1836,2020-07-24,741,1129
1837,2020-07-27,750,1129
1838,2020-07-28,775,1128
1839,2020-07-29,775,1131
1840,2020-07-30,743,1134
1841,2020-07-31,749,1134
1842,2020-08-03,752,1134
1843,2020-08-04,759,1134
1844,2020-08-05,758,1134
1845,2020-08-06,762,1134
1846,2020-08-07,756,1135
1847,2020-08-10,759,1139
1848,2020-08-11,754,1139
1849,2020-08-12,765,1139
1850,2020-08-13,773,1141
1851,2020-08-14,759,1144
1852,2020-08-17,712,1144
1853,2020-08-18,760,1146
1854,2020-08-19,721,1145
1855,2020-08-20,764,1145
1856,2020-08-21,758,1149
1857,2020-08-24,759,1152
1858,2020-08-25,759,1153
1859,2020-08-26,707,1154
1860,2020-08-27,719,1156
1861,2020-08-28,713,1156
1862,2020-08-31,706,1156
1863,2020-09-01,711,1157
1864,2020-09-02,711,1159
1865,2020-09-03,693,1159
1866,2020-09-04,702,1158
1867,2020-09-07,725,1159
1868,2020-09-08,751,1159
1869,2020-09-09,737,1159
1870,2020-09-10,606,1157
1871,2020-09-11,600,1159
1872,2020-09-14,605,1160
1873,2020-09-15,549,1160
1874,2020-09-16,538,1161
1875,2020-09-17,552,1161
1876,2020-09-18,543,1163
1877,2020-09-21,571,1162
1878,2020-09-22,571,1162
1879,2020-09-23,590,1162
1880,2020-09-24,590,1162
1881,2020-09-25,575,1164
1882,2020-09-28,554,1162
1883,2020-09-29,547,1162
1884,2020-09-30,548,1163
1885,2020-10-09,711,1171
1886,2020-10-12,611,1172
1887,2020-10-13,576,1170
1888,2020-10-14,561,1173
1889,2020-10-15,601,1173
1890,2020-10-16,529,1176
1891,2020-10-19,515,1178
1892,2020-10-20,532,1178
1893,2020-10-21,466,1178
1894,2020-10-22,427,1180
1895,2020-10-23,450,1180
1896,2020-10-26,472,1182
1897,2020-10-27,509,1186
1898,2020-10-28,467,1186
1899,2020-10-29,474,1186
1900,2020-10-30,468,1185
1901,2020-11-02,471,1185
1902,2020-11-03,476,1189
1903,2020-11-04,466,1188
1904,2020-11-05,451,1194
1905,2020-11-06,424,1193
1906,2020-11-09,409,1194
1907,2020-11-10,403,1194
1908,2020-11-11,404,1194
1909,2020-11-12,397,1194
1910,2020-11-13,414,1196
1911,2020-11-16,419,1195
1912,2020-11-17,432,1196
1913,2020-11-18,433,1196
1914,2020-11-19,411,1193
1915,2020-11-20,428,1195
1916,2020-11-23,420,1195
1917,2020-11-24,422,1195
1918,2020-11-25,420,1195
1919,2020-11-26,422,1196
1920,2020-11-27,422,1197
1921,2020-11-30,432,1196
1922,2020-12-01,408,1196
1923,2020-12-02,413,1196
1924,2020-12-03,403,1196
1925,2020-12-04,398,1197
1926,2020-12-07,431,1196
1927,2020-12-08,443,1196
1928,2020-12-09,433,1196
1929,2020-12-10,488,1196
1930,2020-12-11,528,1196
1931,2020-12-14,488,1196
1932,2020-12-15,482,1196
1933,2020-12-16,476,1196
1934,2020-12-17,459,1197
1935,2020-12-18,475,1198
1936,2020-12-21,478,1198
1937,2020-12-22,470,1198
1938,2020-12-23,476,1200
1939,2020-12-24,472,1199
1940,2020-12-25,477,1196
1941,2020-12-28,463,1204
1942,2020-12-29,452,1209
1943,2020-12-30,458,1209
1944,2020-12-31,438,1203
1945,2021-01-04,453,1203
1946,2021-01-05,423,1203
1947,2021-01-06,406,1203
1948,2021-01-07,395,1203
1949,2021-01-08,404,1202
1950,2021-01-11,382,1202
1951,2021-01-12,358,1202
1952,2021-01-13,359,1202
1953,2021-01-14,381,1202
1954,2021-01-15,410,1203
1955,2021-01-18,456,1205
1956,2021-01-19,472,1205
1957,2021-01-20,477,1205
1958,2021-01-21,489,1205
1959,2021-01-22,506,1205
1960,2021-01-25,514,1206
1961,2021-01-26,463,1206
1962,2021-01-27,445,1209
1963,2021-01-28,456,1215
1964,2021-01-29,457,1215
1965,2021-02-01,440,1216
1966,2021-02-02,444,1216
1967,2021-02-03,445,1217
1968,2021-02-04,443,1217
1969,2021-02-05,451,1217
1970,2021-02-08,475,1217
1971,2021-02-09,484,1215
1972,2021-02-10,454,1218
1973,2021-02-18,467,1225
1974,2021-02-19,460,1225
1975,2021-02-22,469,1225
1976,2021-02-23,497,1223
1977,2021-02-24,506,1223
1978,2021-02-25,521,1224
1979,2021-02-26,481,1225
1980,2021-03-01,523,1226
1981,2021-03-02,543,1228
1982,2021-03-03,563,1231
1983,2021-03-04,598,1231
1984,2021-03-05,594,1231
1985,2021-03-08,542,1232
1986,2021-03-09,544,1232
1987,2021-03-10,542,1232
1988,2021-03-11,538,1233
1989,2021-03-12,528,1233
1990,2021-03-15,539,1233
1991,2021-03-16,534,1237
1992,2021-03-17,561,1237
1993,2021-03-18,568,1239
1994,2021-03-19,592,1238
1995,2021-03-22,595,1239
1996,2021-03-23,587,1241
1997,2021-03-24,707,1242
1998,2021-03-25,709,1242
1999,2021-03-26,659,1242
2000,2021-03-29,721,1242
2001,2021-03-30,711,1251
2002,2021-03-31,740,1251
2003,2021-04-01,766,1251
2004,2021-04-02,747,1251
2005,2021-04-06,754,1253
2006,2021-04-07,831,1253
2007,2021-04-08,827,1253
2008,2021-04-09,876,1253
2009,2021-04-12,864,1253
2010,2021-04-13,896,1253
2011,2021-04-14,909,1254
2012,2021-04-15,911,1254
2013,2021-04-16,915,1254
2014,2021-04-19,914,1256
2015,2021-04-20,859,1256
2016,2021-04-21,842,1258
2017,2021-04-22,827,1264
2018,2021-04-23,834,1264
2019,2021-04-26,886,1269
2020,2021-04-27,881,1271
2021,2021-04-28,952,1274
2022,2021-04-29,912,1276
2023,2021-04-30,965,1276
2024,2021-05-06,1024,1285
2025,2021-05-07,946,1285
2026,2021-05-10,965,1296
2027,2021-05-11,951,1296
2028,2021-05-12,972,1296
2029,2021-05-13,986,1296
2030,2021-05-14,979,1296
2031,2021-05-17,999,1296
2032,2021-05-18,1016,1297
2033,2021-05-19,1059,1296
2034,2021-05-20,1069,1295
2035,2021-05-21,1071,1295
2036,2021-05-24,1053,1298
2037,2021-05-25,1008,1302
2038,2021-05-26,1025,1304
2039,2021-05-27,1030,1304
2040,2021-05-28,1046,1304
2041,2021-05-31,1039,1304
2042,2021-06-01,1057,1310
2043,2021-06-02,1043,1313
2044,2021-06-03,1049,1314
2045,2021-06-04,998,1321
2046,2021-06-07,1016,1324
2047,2021-06-08,982,1325
2048,2021-06-09,961,1329
2049,2021-06-10,999,1330
2050,2021-06-11,1020,1332
2051,2021-06-15,971,1335
2052,2021-06-16,987,1338
2053,2021-06-17,995,1338
2054,2021-06-18,1015,1340
2055,2021-06-21,955,1343
2056,2021-06-22,944,1343
2057,2021-06-23,960,1343
2058,2021-06-24,939,1341
2059,2021-06-25,934,1342
2060,2021-06-28,955,1342
2061,2021-06-29,951,1343
2062,2021-06-30,936,1345
2063,2021-07-01,928,1344
2064,2021-07-02,1036,1346
2065,2021-07-05,1016,1346
2066,2021-07-06,1015,1349
2067,2021-07-07,961,1352
2068,2021-07-08,973,1354
2069,2021-07-09,937,1356
2070,2021-07-12,912,1356
2071,2021-07-13,939,1356
2072,2021-07-14,955,1361
2073,2021-07-15,937,1363
2074,2021-07-16,933,1364
2075,2021-07-19,951,1364
2076,2021-07-20,950,1364
2077,2021-07-21,941,1364
2078,2021-07-22,932,1365
2079,2021-07-23,956,1365
