,代码,名称
0,688800,N瑞可达
1,301030,N仕净
2,301032,N新柴
3,688303,N大全能
4,300821,东岳硅材
5,300393,中来股份
6,688090,瑞松科技
7,300827,上能电气
8,688551,科威尔
9,688001,华兴源创
10,300631,久吾高科
11,300432,富临精工
12,300346,南大光电
13,300458,全志科技
14,688595,芯海科技
15,300241,瑞丰光电
16,300763,锦浪科技
17,300211,亿通科技
18,300813,泰林生物
19,688012,中微公司
20,300054,鼎龙股份
21,300569,天能重工
22,688398,赛特新材
23,300919,中伟股份
24,688199,久日新材
25,688037,芯源微
26,300660,江苏雷利
27,300323,华灿光电
28,688390,固德威
29,300236,上海新阳
30,300328,宜安科技
31,300566,激智科技
32,688300,联瑞新材
33,688268,华特气体
34,300428,立中集团
35,300538,同益股份
36,300217,东方电热
37,300681,英搏尔
38,300588,熙菱信息
39,300567,精测电子
40,300693,盛弘股份
41,300655,晶瑞股份
42,300455,康拓红外
43,300727,润禾材料
44,300833,浩洋股份
45,688689,银河微电
46,688383,新益昌
47,688518,联赢激光
48,300879,大叶股份
49,603077,和邦生物
50,002141,贤丰控股
51,600010,包钢股份
52,002224,三 力 士
53,603111,康尼机电
54,002309,中利集团
55,002514,宝馨科技
56,000959,首钢股份
57,002140,东华科技
58,600984,建设机械
59,603667,五洲新春
60,600596,新安股份
61,600367,红星发展
62,603688,石英股份
63,002843,泰嘉股份
64,600703,三安光电
65,002407,多氟多
66,603822,嘉澳环保
67,000009,中国宝安
68,600338,西藏珠峰
69,605365,立达信
70,603090,宏盛股份
71,603938,三孚股份
72,603260,合盛硅业
73,603650,彤程新材
74,603893,瑞芯微
75,003038,鑫铂股份
76,605117,德业股份
77,600510,黑牡丹
78,600114,东睦股份
79,002518,科士达
80,002453,华软科技
81,000825,太钢不锈
82,002192,融捷股份
83,000762,西藏矿业
84,605020,永和股份
85,002897,意华股份
86,600918,中泰证券
87,002176,江特电机
88,605056,咸亨国际
89,002455,百川股份
90,600808,马钢股份
91,605366,宏柏新材
92,000159,国际实业
93,002092,中泰化学
94,600428,中远海特
95,600151,航天机电
96,688177,百奥泰-U
97,000572,海马汽车
98,600346,恒力石化
99,600219,南山铝业
100,688099,晶晨股份
101,300303,聚飞光电
102,300522,世名科技
103,300637,扬帆新材
104,688599,天合光能
105,688063,派能科技
106,300587,天铁股份
107,300480,光力科技
108,688699,明微电子
109,600552,凯盛科技
110,300748,金力永磁
111,002533,金杯电工
112,002919,名臣健康
113,002449,国星光电
114,300576,容大感光
115,300811,铂科新材
116,300102,乾照光电
117,688181,八亿时空
118,300786,国林科技
119,000988,华工科技
120,002841,视源股份
121,300806,斯迪克
122,688521,芯原股份-U
123,300706,阿石创
124,688613,奥精医疗
125,600216,浙江医药
126,002545,东方铁塔
127,300319,麦捷科技
128,002341,新纶科技
129,688789,宏华数科
130,300790,宇瞳光学
131,300816,艾可蓝
132,300796,贝斯美
133,002371,北方华创
134,000430,张家界
135,603315,福鞍股份
136,002743,富煌钢构
137,000301,东方盛虹
138,002249,大洋电机
139,603906,龙蟠科技
140,002459,晶澳科技
141,300198,纳川股份
142,301011,华立科技
143,688668,鼎通科技
144,300708,聚灿光电
145,600782,新钢股份
146,601005,重庆钢铁
147,000629,攀钢钒钛
148,600478,科力远
149,603855,华荣股份
150,688126,沪硅产业-U
151,603669,灵康药业
152,600537,亿晶光电
153,000630,铜陵有色
154,300490,华自科技
155,002460,赣锋锂业
156,300623,捷捷微电
157,300661,圣邦股份
158,300843,胜蓝股份
159,002182,云海金属
160,002466,天齐锂业
161,300848,美瑞新材
162,002326,永太科技
163,600210,XD紫江企
164,300619,金银河
165,300429,强力新材
166,002320,海峡股份
167,300891,惠云钛业
168,002119,康强电子
169,300019,硅宝科技
170,300208,青岛中程
171,300721,怡达股份
172,002045,国光电器
173,600031,三一重工
174,002335,科华数据
175,300305,裕兴股份
176,002213,大为股份
177,002429,兆驰股份
178,605377,华旺科技
179,002139,拓邦股份
180,300612,宣亚国际
181,601126,四方股份
182,002506,协鑫集成
183,300325,*ST德威
184,603098,森特股份
185,300772,运达股份
186,000902,新洋丰
187,688006,杭可科技
188,300960,通业科技
189,000830,鲁西化工
190,688019,安集科技
191,002795,永和智控
192,603333,尚纬股份
193,000811,冰轮环境
194,688138,清溢光电
195,300258,精锻科技
196,300235,方直科技
197,688560,明冠新材
198,688277,天智航-U
199,688661,和林微纳
200,000822,山东海化
201,688127,蓝特光学
202,000761,本钢板材
203,300958,建工修复
204,002248,华东数控
205,002760,凤形股份
206,300304,云意电气
207,300398,飞凯材料
208,688408,中信博
209,688086,紫晶存储
210,002759,天际股份
211,601600,中国铝业
212,002203,海亮股份
213,300193,佳士科技
214,603567,珍宝岛
215,002110,三钢闽光
216,689009,九号公司-WD
217,002258,利尔化学
218,000932,华菱钢铁
219,300545,联得装备
220,688135,利扬芯片
221,300309,吉艾科技
222,600389,江山股份
223,301020,密封科技
224,300487,蓝晓科技
225,601908,京运通
226,000898,鞍钢股份
227,002230,科大讯飞
228,000011,深物业A
229,300117,嘉寓股份
230,603319,湘油泵
231,688308,欧科亿
232,002126,银轮股份
233,688008,澜起科技
234,002886,沃特股份
235,688396,华润微
236,000893,亚钾国际
237,002664,长鹰信质
238,002745,木林森
239,300279,和晶科技
240,600362,江西铜业
241,688520,神州细胞-U
242,600834,申通地铁
243,002531,天顺风能
244,300046,台基股份
245,300582,英飞特
246,300802,矩子科技
247,300069,金利华电
248,002388,新亚制程
249,000338,潍柴动力
250,600460,士兰微
251,300515,三德科技
252,600770,综艺股份
253,603565,中谷物流
254,000626,远大控股
255,600307,酒钢宏兴
256,603185,上机数控
257,600958,东方证券
258,300571,平治信息
259,300689,澄天伟业
260,000982,中银绒业
261,300327,中颖电子
262,600707,彩虹股份
263,688077,大地熊
264,300228,富瑞特装
265,002923,润都股份
266,002023,海特高新
267,300293,蓝英装备
268,300700,岱勒新材
269,002756,永兴材料
270,601677,明泰铝业
271,600019,宝钢股份
272,600418,江淮汽车
273,002268,卫 士 通
274,300266,兴源环境
275,688106,金宏气体
276,002211,宏达新材
277,600290,ST华仪
278,688630,芯碁微装
279,300040,九洲集团
280,603297,永新光学
281,000650,仁和药业
282,688299,长阳科技
283,600714,金瑞矿业
284,300883,龙利得
285,300609,汇纳科技
286,688305,科德数控
287,603087,甘李药业
288,002089,ST新海
289,603690,至纯科技
290,000663,*ST永林
291,688069,德林海
292,601208,东材科技
293,002102,ST冠福
294,600870,*ST厦华
295,300218,安利股份
296,300537,广信材料
297,002356,*ST赫美
298,300320,海达股份
299,601777,力帆科技
300,603032,*ST德新
301,002132,恒星科技
302,601618,中国中冶
303,600139,ST西源
304,603779,ST威龙
305,000698,沈阳化工
306,300317,珈伟新能
307,000820,*ST节能
308,002428,云南锗业
309,000752,*ST西发
310,688033,天宜上佳
311,688088,虹软科技
312,600237,铜峰电子
313,300456,赛微电子
314,002656,ST摩登
315,000707,*ST双环
316,002549,凯美特气
317,300118,东方日升
318,600520,文一科技
319,300010,豆神教育
320,600281,太化股份
321,000859,国风塑业
322,000708,中信特钢
323,600209,*ST罗顿
324,002353,杰瑞股份
325,603179,新泉股份
326,600078,*ST澄星
327,688336,三生国健
328,601100,恒立液压
329,300384,三联虹普
330,600212,江泉实业
331,002175,*ST东网
332,002097,山河智能
333,000906,浙商中拓
334,300541,先进数通
335,600165,新日恒力
336,300742,越博动力
337,603055,台华新材
338,000545,金浦钛业
339,000603,盛达资源
340,300548,博创科技
341,300479,神思电子
342,002426,胜利精密
343,002617,露笑科技
344,601003,柳钢股份
345,600586,金晶科技
346,605399,晨光新材
347,600323,瀚蓝环境
348,300311,任子行
349,688516,奥特维
350,002971,和远气体
351,300345,华民股份
352,600225,*ST松江
353,300467,迅游科技
354,002418,康盛股份
355,601020,ST华钰
356,300224,正海磁材
357,002916,深南电路
358,000025,特  力Ａ
359,002285,世联行
360,000659,珠海中富
361,300342,天银机电
362,300610,晨化股份
363,300671,富满电子
364,002992,宝明科技
365,002829,星网宇达
366,002915,中欣氟材
367,603603,博天环境
368,600773,西藏城投
369,300080,易成新能
370,000099,中信海直
371,605208,永茂泰
372,688218,江苏北人
373,002645,华宏科技
374,000068,华控赛格
375,688010,福光股份
376,300559,佳发教育
377,600188,兖州煤业
378,601168,西部矿业
379,002810,山东赫达
380,300634,彩讯股份
381,688819,天能股份
382,300739,明阳电路
383,002998,优彩资源
384,603189,网达软件
385,300260,新莱应材
386,603931,格林达
387,300798,锦鸡股份
388,688233,神工股份
389,000709,河钢股份
390,300128,锦富技术
391,600277,亿利洁能
392,600444,国机通用
393,300803,指南针
394,300885,海昌新材
395,688023,安恒信息
396,300837,浙矿股份
397,002263,大东南
398,000415,渤海租赁
399,300666,江丰电子
400,600129,太极集团
401,003031,中瓷电子
402,603306,华懋科技
403,688266,泽璟制药-U
404,300712,永福股份
405,688589,力合微
406,300041,回天新材
407,603960,克来机电
408,002881,美格智能
409,300797,钢研纳克
410,300183,东软载波
411,600715,文投控股
412,300097,智云股份
413,300154,瑞凌股份
414,603773,沃格光电
415,603601,再升科技
416,688378,奥来德
417,603080,新疆火炬
418,600176,中国巨石
419,603277,银都股份
420,688025,杰普特
421,300205,天喻信息
422,601601,中国太保
423,002493,荣盛石化
424,600282,南钢股份
425,300123,亚光科技
426,000541,佛山照明
427,003003,天元股份
428,000426,兴业矿业
429,601377,兴业证券
430,600231,凌钢股份
431,000703,恒逸石化
432,603155,新亚强
433,002588,史丹利
434,601995,中金公司
435,605086,龙高股份
436,000970,中科三环
437,600275,*ST昌鱼
438,603223,恒通股份
439,300006,莱美药业
440,603166,福达股份
441,600760,中航沈飞
442,000717,韶钢松山
443,600063,皖维高新
444,300341,麦克奥迪
445,002539,云图控股
446,002741,光华科技
447,688513,苑东生物
448,002109,兴化股份
449,688328,深科达
450,600803,新奥股份
451,603677,奇精机械
452,300656,民德电子
453,605183,确成股份
454,300917,特发服务
455,300439,美康生物
456,000510,新金路
457,600569,安阳钢铁
458,002571,德力股份
459,600506,*ST香梨
460,600751,海航科技
461,000498,山东路桥
462,300301,长方集团
463,002865,钧达股份
464,002379,宏创控股
465,300162,雷曼光电
466,002559,亚威股份
467,605218,伟时电子
468,600815,厦工股份
469,002600,领益智造
470,300221,银禧科技
471,600081,东风科技
472,300648,星云股份
473,300115,长盈精密
474,600256,广汇能源
475,000591,太阳能
476,300736,百邦科技
477,000782,美达股份
478,605068,明新旭腾
479,300091,金通灵
480,300828,锐新科技
481,000918,嘉凯城
482,300274,阳光电源
483,002909,集泰股份
484,300373,扬杰科技
485,300252,金信诺
486,300484,蓝海华腾
487,688618,三旺通信
488,300270,中威电子
489,000581,威孚高科
490,000821,京山轻机
491,300222,科大智能
492,688350,富淼科技
493,300830,金现代
494,000862,银星能源
495,002851,麦格米特
496,300903,科翔股份
497,601058,赛轮轮胎
498,605358,立昂微
499,002970,锐明技术
500,300330,华虹计通
501,605050,福然德
502,600906,财达证券
503,002190,成飞集成
504,601066,中信建投
505,000425,徐工机械
506,002487,大金重工
507,000029,深深房Ａ
508,603063,禾望电气
509,688685,迈信林
510,002538,司尔特
511,600581,八一钢铁
512,688318,财富趋势
513,000532,华金资本
514,600022,山东钢铁
515,600539,狮头股份
516,002441,众业达
517,002580,圣阳股份
518,300835,龙磁科技
519,002666,德联集团
520,603992,松霖科技
521,002334,英威腾
522,300464,星徽股份
523,002009,天奇股份
524,000551,创元科技
525,002240,盛新锂能
526,603628,清源股份
527,300077,国民技术
528,688577,浙海德曼
529,000157,中联重科
530,300148,天舟文化
531,688601,力芯微
532,000818,航锦科技
533,300604,长川科技
534,300585,奥联电子
535,300460,惠伦晶体
536,300578,会畅通讯
537,000925,众合科技
538,300053,欧比特
539,300493,润欣科技
540,300801,泰和科技
541,300913,兆龙互连
542,688226,威腾电气
543,600588,用友网络
544,300499,高澜股份
545,600497,驰宏锌锗
546,603867,新化股份
547,600810,神马股份
548,003008,开普检测
549,600213,亚星客车
550,600691,阳煤化工
551,603386,广东骏亚
552,000155,川能动力
553,000935,四川双马
554,688330,宏力达
555,002131,利欧股份
556,000528,柳    工
557,603005,晶方科技
558,600075,新疆天业
559,688360,德马科技
560,002735,王子新材
561,300223,北京君正
562,300831,派瑞股份
563,600021,上海电力
564,688178,万德斯
565,688256,寒武纪-U
566,300829,金丹科技
567,605058,澳弘电子
568,601666,平煤股份
569,300732,设研院
570,002594,比亚迪
571,688219,会通股份
572,605116,奥锐特
573,000912,泸天化
574,601233,桐昆股份
575,600152,维科技术
576,000680,山推股份
577,300540,深冷股份
578,603290,斯达半导
579,300057,万顺新材
580,300067,安诺其
581,300641,正丹股份
582,600409,三友化工
583,300716,国立科技
584,603017,中衡设计
585,603926,铁流股份
586,002056,横店东磁
587,000993,闽东电力
588,300296,利亚德
589,300416,苏试试验
590,003017,大洋生物
591,300127,银河磁体
592,300033,同花顺
593,300940,南极光
594,600166,福田汽车
595,603986,兆易创新
596,603933,睿能科技
597,300100,双林股份
598,300200,高盟新材
599,000700,模塑科技
600,002147,*ST新光
601,300061,旗天科技
602,003028,振邦智能
603,001207,联科科技
604,600318,新力金融
605,600785,新华百货
606,688590,新致软件
607,300973,立高食品
608,000548,湖南投资
609,002648,卫星石化
610,300182,捷成股份
611,603693,江苏新能
612,603890,春秋电子
613,601866,中远海发
614,002410,广联达
615,002401,中远海科
616,002753,永东股份
617,300543,朗科智能
618,002402,和而泰
619,002222,福晶科技
620,002687,乔治白
621,300233,金城医药
622,002520,日发精机
623,600515,*ST基础
624,002135,东南网架
625,603500,祥和实业
626,300626,华瑞股份
627,002318,久立特材
628,688286,敏芯股份
629,600919,江苏银行
630,002160,常铝股份
631,000920,南方汇通
632,603978,深圳新星
633,002199,东晶电子
634,300242,佳云科技
635,600126,杭钢股份
636,300111,向日葵
637,601969,海南矿业
638,002983,芯瑞达
639,300842,帝科股份
640,000546,金圆股份
641,300717,华信新材
642,000951,中国重汽
643,300125,聆达股份
644,002255,海陆重工
645,002226,江南化工
646,601877,正泰电器
647,002837,英维克
648,002584,西陇科学
649,688395,正弦电气
650,300340,科恒股份
651,002554,惠博普
652,300927,江天化学
653,600006,东风汽车
654,300678,中科信息
655,603279,景津环保
656,002338,奥普光电
657,002051,中工国际
658,688315,诺禾致源
659,688123,聚辰股份
660,600720,祁连山
661,603383,顶点软件
662,600889,南京化纤
663,688160,步科股份
664,600844,丹化科技
665,603158,腾龙股份
666,300647,超频三
667,002522,浙江众成
668,300189,神农科技
669,600787,中储股份
670,688011,新光光电
671,600490,鹏欣资源
672,002492,恒基达鑫
673,688055,龙腾光电
674,688499,利元亨
675,300302,同有科技
676,300306,远方信息
677,300011,鼎汉技术
678,300751,迈为股份
679,300547,川环科技
680,300390,天华超净
681,300625,三雄极光
682,600997,开滦股份
683,600888,新疆众和
684,300933,中辰股份
685,600727,鲁北化工
686,603181,皇马科技
687,600185,格力地产
688,600678,四川金顶
689,300632,光莆股份
690,603977,国泰集团
691,600759,洲际油气
692,300056,中创环保
693,300059,东方财富
694,000731,四川美丰
695,600722,金牛化工
696,600234,山水文化
697,002757,南兴股份
698,300287,飞利信
699,002576,通达动力
700,600429,三元股份
701,603010,万盛股份
702,688357,建龙微纳
703,600851,海欣股份
704,300066,三川智慧
705,600582,天地科技
706,688777,中控技术
707,000961,中南建设
708,300768,迪普科技
709,300389,艾比森
710,300088,长信科技
711,603380,易德龙
712,300881,盛德鑫泰
713,300435,中泰股份
714,600618,氯碱化工
715,300870,欧陆通
716,300093,金刚玻璃
717,600971,恒源煤电
718,600509,天富能源
719,603988,中电电机
720,601216,君正集团
721,603389,亚振家居
722,603002,宏昌电子
723,601106,中国一重
724,000090,天健集团
725,601212,白银有色
726,002184,海得控制
727,601238,广汽集团
728,002996,顺博合金
729,600111,北方稀土
730,301007,德迈仕
731,002738,中矿资源
732,002108,沧州明珠
733,300401,花园生物
734,601878,浙商证券
735,600308,华泰股份
736,300232,洲明科技
737,002297,博云新材
738,603358,华达科技
739,300542,新晨科技
740,603015,弘讯科技
741,300564,筑博设计
742,300334,津膜科技
743,688626,翔宇医疗
744,600117,西宁特钢
745,300611,美力科技
746,600449,宁夏建材
747,600766,*ST园城
748,000786,北新建材
749,002363,隆基机械
750,300422,博世科
751,600623,华谊集团
752,600666,ST瑞德
753,300459,金科文化
754,300063,天龙集团
755,002218,拓日新能
756,300263,隆华科技
757,688680,海优新材
758,300121,阳谷华泰
759,002517,恺英网络
760,300412,迦南科技
761,002454,松芝股份
762,002632,道明光学
763,300176,派生科技
764,002986,宇新股份
765,600866,星湖科技
766,002809,红墙股份
767,002360,同德化工
768,300605,恒锋信息
769,002931,锋龙股份
770,601609,金田铜业
771,603637,镇海股份
772,600793,宜宾纸业
773,002055,得润电子
774,300638,广和通
775,688585,上纬新材
776,603879,永悦科技
777,600232,金鹰股份
778,002913,奥士康
779,688628,优利德
780,002859,洁美科技
781,688314,康拓医疗
782,000010,美丽生态
783,300243,瑞丰高材
784,300074,华平股份
785,601390,中国中铁
786,000065,北方国际
787,300724,捷佳伟创
788,603566,普莱柯
789,002876,三利谱
790,300705,九典制药
791,002686,亿利达
792,300502,新易盛
793,600466,蓝光发展
794,600123,兰花科创
795,002217,合力泰
796,601016,节能风电
797,688667,菱电电控
798,000636,风华高科
799,300157,恒泰艾普
800,600992,贵绳股份
801,002315,焦点科技
802,600206,有研新材
803,605305,中际联合
804,000060,中金岭南
805,688312,燕麦科技
806,603929,亚翔集成
807,002406,远东传动
808,000420,吉林化纤
809,688015,交控科技
810,600695,*ST绿庭
811,300052,中青宝
812,000691,亚太实业
813,300225,金力泰
814,603833,欧派家居
815,300975,商络电子
816,688313,仕佳光子
817,000735,罗 牛 山
818,688608,恒玄科技
819,600458,时代新材
820,300838,浙江力诺
821,300951,博硕科技
822,300042,朗科科技
823,601218,吉鑫科技
824,600425,青松建化
825,002903,宇环数控
826,300684,中石科技
827,000507,珠海港
828,300477,合纵科技
829,300652,雷迪克
830,002027,分众传媒
831,300283,温州宏丰
832,000401,冀东水泥
833,601865,福莱特
834,002117,东港股份
835,002289,宇顺电子
836,300324,旋极信息
837,600875,东方电气
838,002896,中大力德
839,603937,丽岛新材
840,002546,新联电子
841,000673,*ST当代
842,000045,深纺织Ａ
843,000006,深振业Ａ
844,300518,盛讯达
845,002064,华峰化学
846,600325,华发股份
847,601899,紫金矿业
848,688669,聚石化学
849,688369,致远互联
850,002313,日海智能
851,688550,瑞联新材
852,300481,濮阳惠成
853,300096,易联众
854,601375,中原证券
855,688156,路德环境
856,300022,吉峰科技
857,000848,承德露露
858,000002,万  科Ａ
859,000878,云南铜业
860,688323,瑞华泰
861,300598,诚迈科技
862,000720,新能泰山
863,600761,安徽合力
864,600257,大湖股份
865,300308,中际旭创
866,300360,炬华科技
867,002963,豪尔赛
868,603809,豪能股份
869,300351,永贵电器
870,603159,上海亚虹
871,000828,东莞控股
872,300808,久量股份
873,300219,鸿利智汇
874,002469,三维化学
875,000928,中钢国际
876,002768,国恩股份
877,600184,光电股份
878,002609,捷顺科技
879,600169,太原重工
880,605007,五洲特纸
881,002887,绿茵生态
882,002002,鸿达兴业
883,688377,迪威尔
884,603662,柯力传感
885,300185,通裕重工
886,300039,上海凯宝
887,002474,榕基软件
888,000823,超声电子
889,300692,中环环保
890,601155,新城控股
891,300779,惠城环保
892,688597,煜邦电力
893,300457,赢合科技
894,601669,中国电建
895,003025,思进智能
896,300753,爱朋医疗
897,300597,吉大通信
898,300095,华伍股份
899,603093,南华期货
900,300349,金卡智能
901,688555,泽达易盛
902,600847,万里股份
903,600103,青山纸业
904,300084,海默科技
905,000966,长源电力
906,600463,空港股份
907,603897,长城科技
908,600507,方大特钢
909,002060,粤 水 电
910,688180,君实生物-U
911,002673,西部证券
912,002138,顺络电子
913,300411,金盾股份
914,603806,福斯特
915,603068,博通集成
916,600408,ST安泰
917,600963,岳阳林纸
918,000567,海德股份
919,601555,东吴证券
920,600157,永泰能源
921,688316,青云科技-U
922,601919,中远海控
923,688228,开普云
924,600203,福日电子
925,002037,保利联合
926,002198,嘉应制药
927,300602,飞荣达
928,603900,莱绅通灵
929,002077,大港股份
930,600549,厦门钨业
931,300665,飞鹿股份
932,300488,恒锋工具
933,002806,华锋股份
934,601633,长城汽车
935,600585,海螺水泥
936,002295,精艺股份
937,300280,紫天科技
938,002073,软控股份
939,002815,崇达技术
940,600218,全柴动力
941,603283,赛腾股份
942,300454,深信服
943,300371,汇中股份
944,300824,北鼎股份
945,000666,经纬纺机
946,300174,元力股份
947,601399,国机重装
948,603878,武进不锈
949,300444,双杰电气
950,600183,生益科技
951,002011,盾安环境
952,688365,光云科技
953,002115,三维通信
954,600843,上工申贝
955,002797,第一创业
956,002642,荣联科技
957,601990,南京证券
958,300131,英唐智控
959,601808,中海油服
960,600180,瑞茂通
961,002156,通富微电
962,000936,华西股份
963,002885,京泉华
964,688311,盟升电子
965,002047,宝鹰股份
966,688510,航亚科技
967,600558,大西洋
968,600353,旭光电子
969,300338,开元教育
970,002387,维信诺
971,300645,正元智慧
972,600352,浙江龙盛
973,603203,快克股份
974,688056,莱伯泰科
975,000012,南  玻Ａ
976,002630,华西能源
977,002839,张家港行
978,601615,明阳智能
979,002579,中京电子
980,688129,东来技术
981,603011,合锻智能
982,002483,润邦股份
983,002973,侨银股份
984,688005,容百科技
985,603700,宁水集团
986,601880,辽港股份
987,002558,巨人网络
988,300670,大烨智能
989,601137,博威合金
990,002025,航天电器
991,000055,方大集团
992,600970,中材国际
993,300818,耐普矿机
994,002763,汇洁股份
995,002436,兴森科技
996,002411,延安必康
997,002422,科伦药业
998,002085,万丰奥威
999,300449,汉邦高科
1000,001206,依依股份
1001,300570,太辰光
1002,601999,出版传媒
1003,001205,盛航股份
1004,300780,德恩精工
1005,603393,新天然气
1006,300586,美联新材
1007,000911,南宁糖业
1008,300849,锦盛新材
1009,002408,齐翔腾达
1010,601456,国联证券
1011,300180,华峰超纤
1012,002798,帝欧家居
1013,002893,华通热力
1014,603126,中材节能
1015,603599,广信股份
1016,300192,科德教育
1017,000751,锌业股份
1018,300556,丝路视觉
1019,600796,钱江生化
1020,300971,博亚精工
1021,603663,三祥新材
1022,601519,大智慧
1023,600383,金地集团
1024,688004,博汇科技
1025,002819,东方中科
1026,300201,海伦哲
1027,002679,福建金森
1028,603936,博敏电子
1029,600676,交运股份
1030,600421,华嵘控股
1031,600814,杭州解百
1032,000889,中嘉博创
1033,300899,上海凯鑫
1034,600311,ST荣华
1035,300230,永利股份
1036,300415,伊之密
1037,600438,通威股份
1038,002409,雅克科技
1039,000973,佛塑科技
1040,000797,中国武夷
1041,002649,博彦科技
1042,000593,大通燃气
1043,603328,依顿电子
1044,601838,成都银行
1045,600873,梅花生物
1046,300747,锐科激光
1047,601000,唐山港
1048,603989,艾华集团
1049,605166,聚合顺
1050,002962,五方光电
1051,688556,高测股份
1052,605300,佳禾食品
1053,002574,明牌珠宝
1054,600155,华创阳安
1055,002730,电光科技
1056,688092,爱科科技
1057,002272,川润股份
1058,600565,迪马股份
1059,300103,达刚控股
1060,688168,安博通
1061,300766,每日互动
1062,002250,联化科技
1063,600802,福建水泥
1064,600163,中闽能源
1065,002328,新朋股份
1066,002849,威星智能
1067,688003,天准科技
1068,601788,光大证券
1069,300687,赛意信息
1070,605111,新洁能
1071,600326,西藏天路
1072,601628,中国人寿
1073,002827,高争民爆
1074,688021,奥福环保
1075,601001,晋控煤业
1076,601038,一拖股份
1077,601992,金隅集团
1078,601500,通用股份
1079,002191,劲嘉股份
1080,002012,凯恩股份
1081,300532,今天国际
1082,002985,北摩高科
1083,601162,天风证券
1084,603239,浙江仙通
1085,600749,西藏旅游
1086,600227,圣济堂
1087,000852,石化机械
1088,300295,三六五网
1089,301022,海泰科
1090,601636,旗滨集团
1091,002620,瑞和股份
1092,600320,振华重工
1093,002578,闽发铝业
1094,600345,长江通信
1095,000681,视觉中国
1096,688659,元琛科技
1097,002540,亚太科技
1098,300364,中文在线
1099,000901,航天科技
1100,300133,华策影视
1101,300466,赛摩智能
1102,600859,XD王府井
1103,601028,玉龙股份
1104,000656,金科股份
1105,002390,信邦制药
1106,002247,聚力文化
1107,600989,宝丰能源
1108,600388,龙净环保
1109,001208,华菱线缆
1110,688679,通源环境
1111,600101,明星电力
1112,002961,瑞达期货
1113,688022,瀚川智能
1114,688655,迅捷兴
1115,000686,东北证券
1116,600508,上海能源
1117,300961,深水海纳
1118,688020,方邦股份
1119,300007,汉威科技
1120,002855,捷荣技术
1121,002945,华林证券
1122,300179,四方达
1123,300014,亿纬锂能
1124,001979,招商蛇口
1125,600531,豫光金铅
1126,002890,弘宇股份
1127,600109,国金证券
1128,003015,日久光电
1129,601128,常熟银行
1130,300120,经纬辉开
1131,002016,世荣兆业
1132,688093,世华科技
1133,603638,艾迪精密
1134,600583,海油工程
1135,300094,国联水产
1136,300531,优博讯
1137,300520,科大国创
1138,300498,温氏股份
1139,002221,东华能源
1140,300503,昊志机电
1141,000711,京蓝科技
1142,002170,芭田股份
1143,300290,荣科科技
1144,300440,运达科技
1145,002658,雪迪龙
1146,300109,新开源
1147,300644,南京聚隆
1148,603050,科林电气
1149,600780,通宝能源
1150,300085,银之杰
1151,000069,华侨城Ａ
1152,603819,神力股份
1153,002207,准油股份
1154,002553,南方轴承
1155,000733,振华科技
1156,300107,建新股份
1157,300926,博俊科技
1158,603225,新凤鸣
1159,605277,新亚电子
1160,603985,恒润股份
1161,603912,佳力图
1162,002684,*ST猛狮
1163,000776,广发证券
1164,600061,国投资本
1165,601717,郑煤机
1166,601108,财通证券
1167,000039,中集集团
1168,000050,深天马Ａ
1169,002208,合肥城建
1170,300551,古鳌科技
1171,300577,开润股份
1172,002174,游族网络
1173,002523,天桥起重
1174,601696,中银证券
1175,300353,东土科技
1176,300417,南华仪器
1177,002024,苏宁易购
1178,300865,大宏立
1179,600819,耀皮玻璃
1180,002939,长城证券
1181,002587,奥拓电子
1182,688698,伟创电气
1183,600679,上海凤凰
1184,601799,星宇股份
1185,600360,华微电子
1186,300517,海波重科
1187,688557,兰剑智能
1188,000582,北部湾港
1189,600837,海通证券
1190,600470,六国化工
1191,600757,长江传媒
1192,603337,杰克股份
1193,688101,三达膜
1194,000789,万年青
1195,600217,中再资环
1196,300857,协创数据
1197,002114,罗平锌电
1198,603128,华贸物流
1199,300491,通合科技
1200,600795,国电电力
1201,600105,永鼎股份
1202,002802,洪汇新材
1203,603776,永安行
1204,300215,电科院
1205,300900,广联航空
1206,300936,中英科技
1207,300106,西部牧业
1208,600777,新潮能源
1209,603083,剑桥科技
1210,002171,楚江新材
1211,002733,雄韬股份
1212,605060,联德股份
1213,600030,中信证券
1214,688379,华光新材
1215,002440,闰土股份
1216,601881,中国银河
1217,603169,兰石重装
1218,600726,华电能源
1219,600369,西南证券
1220,300292,吴通控股
1221,300890,翔丰华
1222,300329,海伦钢琴
1223,603171,税友股份
1224,000983,山西焦煤
1225,601827,三峰环境
1226,000671,阳 光 城
1227,000655,金岭矿业
1228,688060,云涌科技
1229,002655,共达电声
1230,601857,中国石油
1231,601107,四川成渝
1232,000795,英洛华
1233,000937,冀中能源
1234,600207,安彩高科
1235,300430,诚益通
1236,300172,中电环保
1237,002125,湘潭电化
1238,000987,越秀金控
1239,000877,天山股份
1240,688533,上声电子
1241,300378,鼎捷软件
1242,300575,中旗股份
1243,000563,陕国投Ａ
1244,300112,万讯自控
1245,000667,美好置业
1246,000587,*ST金洲
1247,000975,银泰黄金
1248,601336,新华保险
1249,300711,广哈通信
1250,603826,坤彩科技
1251,603515,欧普照明
1252,600028,中国石化
1253,000701,厦门信达
1254,688079,美迪凯
1255,603657,春光科技
1256,300045,华力创通
1257,605258,协和电子
1258,000807,云铝股份
1259,000863,三湘印象
1260,601872,招商轮船
1261,300907,康平科技
1262,000997,新 大 陆
1263,600337,美克家居
1264,600830,香溢融通
1265,603983,丸美股份
1266,300792,壹网壹创
1267,002521,齐峰新材
1268,300343,联创股份
1269,600295,鄂尔多斯
1270,300031,宝通科技
1271,600540,新赛股份
1272,002189,中光学
1273,300433,蓝思科技
1274,002670,国盛金控
1275,601198,东兴证券
1276,600798,宁波海运
1277,688191,智洋创新
1278,600641,万业企业
1279,600243,青海华鼎
1280,603728,鸣志电器
1281,600864,哈投股份
1282,605001,威奥股份
1283,002451,摩恩电气
1284,000960,锡业股份
1285,300150,世纪瑞尔
1286,002202,金风科技
1287,600724,宁波富达
1288,300880,迦南智能
1289,002083,孚日股份
1290,000400,许继电气
1291,002606,大连电瓷
1292,300447,全信股份
1293,002206,海 利 得
1294,600817,宏盛科技
1295,003816,中国广核
1296,600663,陆家嘴
1297,688386,泛亚微透
1298,002075,沙钢股份
1299,600475,华光环能
1300,002691,冀凯股份
1301,688526,科前生物
1302,603408,建霖家居
1303,601139,深圳燃气
1304,688569,铁科轨道
1305,000565,渝三峡Ａ
1306,000058,深 赛 格
1307,600017,日照港
1308,000933,神火股份
1309,300082,奥克股份
1310,300419,浩丰科技
1311,000978,桂林旅游
1312,002943,宇晶股份
1313,000923,河钢资源
1314,002339,积成电子
1315,605500,森林包装
1316,603619,中曼石油
1317,300214,日科化学
1318,603045,福达合金
1319,601800,中国交建
1320,000783,长江证券
1321,002709,天赐材料
1322,600192,长城电工
1323,600055,万东医疗
1324,600909,华安证券
1325,600800,渤海化学
1326,600368,五洲交通
1327,300321,同大股份
1328,300092,科新机电
1329,603196,日播时尚
1330,002347,泰尔股份
1331,603117,万林物流
1332,002122,ST天马
1333,603681,永冠新材
1334,002256,*ST兆新
1335,600036,招商银行
1336,002478,常宝股份
1337,688100,威胜信息
1338,300130,新国都
1339,002463,沪电股份
1340,603612,索通发展
1341,688662,富信科技
1342,002701,奥瑞金
1343,000796,凯撒旅业
1344,002631,德尔未来
1345,300399,天利科技
1346,605389,长龄液压
1347,002067,景兴纸业
1348,300423,昇辉科技
1349,000903,云内动力
1350,300554,三超新材
1351,300640,德艺文创
1352,688196,卓越新能
1353,603336,宏辉果蔬
1354,300507,苏奥传感
1355,002367,康力电梯
1356,002729,好利来
1357,301017,漱玉平民
1358,002500,山西证券
1359,600095,湘财股份
1360,688215,瑞晟智能
1361,002121,科陆电子
1362,600489,中金黄金
1363,000930,中粮科技
1364,600108,亚盛集团
1365,000718,苏宁环球
1366,688616,西力科技
1367,002031,巨轮智能
1368,603228,景旺电子
1369,300494,盛天网络
1370,603357,设计总院
1371,600390,五矿资本
1372,002209,达 意 隆
1373,600035,楚天高速
1374,002479,富春环保
1375,002476,宝莫股份
1376,002305,南国置业
1377,000552,靖远煤电
1378,002068,黑猫股份
1379,601985,中国核电
1380,601688,华泰证券
1381,000059,华锦股份
1382,603178,圣龙股份
1383,002734,利民股份
1384,002088,鲁阳节能
1385,002043,兔 宝 宝
1386,300101,振芯科技
1387,300627,华测导航
1388,300227,光韵达
1389,300237,美晨生态
1390,002026,山东威达
1391,002831,裕同科技
1392,300058,蓝色光标
1393,002165,红 宝 丽
1394,300799,左江科技
1395,300691,联合光电
1396,000922,佳电股份
1397,300246,宝莱特
1398,002748,世龙实业
1399,603006,联明股份
1400,601611,中国核建
1401,603600,永艺股份
1402,000778,新兴铸管
1403,601975,招商南油
1404,002927,泰永长征
1405,002616,长青集团
1406,600654,ST中安
1407,600487,XD亨通光
1408,002233,塔牌集团
1409,300002,神州泰岳
1410,002488,金固股份
1411,300382,斯莱克
1412,002532,天山铝业
1413,300776,帝尔激光
1414,300394,天孚通信
1415,600066,宇通客车
1416,601225,陕西煤业
1417,600496,精工钢构
1418,688200,华峰测控
1419,601177,杭齿前进
1420,603701,德宏股份
1421,000712,锦龙股份
1422,600926,杭州银行
1423,300561,汇金科技
1424,300240,飞力达
1425,601068,中铝国际
1426,000750,国海证券
1427,603038,华立股份
1428,002926,华西证券
1429,603685,晨丰科技
1430,002675,东诚药业
1431,600302,标准股份
1432,601702,华峰铝业
1433,600370,三房巷
1434,603308,应流股份
1435,603161,科华控股
1436,600826,兰生股份
1437,000046,泛海控股
1438,601512,中新集团
1439,002596,海南瑞泽
1440,002049,紫光国微
1441,300402,宝色股份
1442,603920,世运电路
1443,600330,天通股份
1444,600220,江苏阳光
1445,600076,康欣新材
1446,300709,精研科技
1447,603966,法兰泰克
1448,300793,佳禾智能
1449,600516,方大炭素
1450,002452,长高集团
1451,002597,金禾实业
1452,600000,浦发银行
1453,000610,西安旅游
1454,000910,大亚圣象
1455,300778,新城市
1456,600621,华鑫股份
1457,603192,汇得科技
1458,605066,天正电气
1459,002978,安宁股份
1460,601099,太平洋
1461,002146,荣盛发展
1462,603095,越剑智能
1463,002332,仙琚制药
1464,000719,中原传媒
1465,601928,凤凰传媒
1466,300072,三聚环保
1467,688335,复洁环保
1468,601166,兴业银行
1469,000949,新乡化纤
1470,603018,华设集团
1471,000672,上峰水泥
1472,300565,科信技术
1473,002232,启明信息
1474,002373,千方科技
1475,002537,海联金汇
1476,300745,欣锐科技
1477,600643,爱建集团
1478,600657,信达地产
1479,600602,云赛智联
1480,300553,集智股份
1481,688571,杭华股份
1482,002300,太阳电缆
1483,000547,航天发展
1484,300256,星星科技
1485,002690,美亚光电
1486,603058,永吉股份
1487,002957,科瑞技术
1488,600982,宁波能源
1489,301031,中熔电气
1490,600999,招商证券
1491,600499,科达制造
1492,600498,烽火通信
1493,600688,上海石化
1494,002610,爱康科技
1495,002323,*ST雅博
1496,603133,碳元科技
1497,601588,北辰实业
1498,002552,宝鼎科技
1499,688418,震有科技
1500,600863,内蒙华电
1501,000836,富通信息
1502,688596,正帆科技
1503,600547,山东黄金
1504,603703,盛洋科技
1505,601319,中国人保
1506,002708,光洋股份
1507,603299,苏盐井神
1508,002925,盈趣科技
1509,600141,兴发集团
1510,002243,力合科创
1511,002040,南 京 港
1512,601608,中信重工
1513,300316,晶盛机电
1514,002930,宏川智慧
1515,688488,艾迪药业
1516,603726,朗迪集团
1517,603069,海汽集团
1518,002185,华天科技
1519,002842,翔鹭钨业
1520,600255,鑫科材料
1521,300282,三盛教育
1522,300268,佳沃食品
1523,300707,威唐工业
1524,601008,连云港
1525,002296,辉煌科技
1526,002505,鹏都农牧
1527,601658,XD邮储银
1528,603329,上海雅仕
1529,601678,滨化股份
1530,000899,赣能股份
1531,000539,粤电力Ａ
1532,002908,德生科技
1533,300168,万达信息
1534,002164,宁波东力
1535,688660,电气风电
1536,601111,中国国航
1537,300089,文化长城
1538,600580,卧龙电驱
1539,300906,日月明
1540,002003,伟星股份
1541,600732,爱旭股份
1542,002955,鸿合科技
1543,300871,回盛生物
1544,002615,哈尔斯
1545,601388,怡球资源
1546,600740,山西焦化
1547,002788,鹭燕医药
1548,000810,创维数字
1549,603186,华正新材
1550,688080,映翰通
1551,600725,云维股份
1552,688579,山大地纬
1553,600668,尖峰集团
1554,002947,恒铭达
1555,300408,三环集团
1556,603218,日月股份
1557,002158,汉钟精机
1558,603999,读者传媒
1559,603388,元成股份
1560,601318,中国平安
1561,002593,日上集团
1562,003042,中农联合
1563,600886,国投电力
1564,603309,维力医疗
1565,300196,长海股份
1566,605169,洪通燃气
1567,000728,国元证券
1568,300149,睿智医药
1569,000888,峨眉山Ａ
1570,600261,阳光照明
1571,000635,英 力 特
1572,601018,宁波港
1573,600011,华能国际
1574,301003,江苏博云
1575,600171,上海贝岭
1576,600647,同达创业
1577,600550,保变电气
1578,600033,福建高速
1579,300851,交大思诺
1580,603197,保隆科技
1581,300163,先锋新材
1582,002654,万润科技
1583,600744,华银电力
1584,601113,ST华鼎
1585,002937,兴瑞科技
1586,601226,华电重工
1587,603958,哈森股份
1588,002997,瑞鹄模具
1589,600501,航天晨光
1590,603256,宏和科技
1591,688981,中芯国际
1592,601886,江河集团
1593,002242,九阳股份
1594,300884,狄耐克
1595,600110,诺德股份
1596,601619,嘉泽新能
1597,603041,美思德
1598,002237,恒邦股份
1599,002229,鸿博股份
1600,600138,中青旅
1601,000723,美锦能源
1602,000895,双汇发展
1603,003026,中晶科技
1604,002397,梦洁股份
1605,603505,金石资源
1606,300658,延江股份
1607,002852,道道全
1608,605255,天普股份
1609,000617,中油资本
1610,000408,藏格控股
1611,600483,福能股份
1612,600301,*ST南化
1613,300359,全通教育
1614,300948,冠中生态
1615,003021,兆威机电
1616,002637,赞宇科技
1617,300868,杰美特
1618,688002,睿创微纳
1619,002502,鼎龙文化
1620,002898,赛隆药业
1621,601963,重庆银行
1622,002391,长青股份
1623,300856,科思股份
1624,600371,万向德农
1625,600016,民生银行
1626,002381,双箭股份
1627,000791,甘肃电投
1628,601997,贵阳银行
1629,600578,京能电力
1630,000869,张  裕Ａ
1631,600048,保利地产
1632,600050,中国联通
1633,300621,维业股份
1634,002136,安 纳 达
1635,000958,东方能源
1636,002542,中化岩土
1637,601211,国泰君安
1638,000589,贵州轮胎
1639,002142,宁波银行
1640,002888,惠威科技
1641,002774,快意电梯
1642,603030,全筑股份
1643,600686,金龙汽车
1644,601186,中国铁建
1645,000554,泰山石油
1646,002128,露天煤业
1647,688216,气派科技
1648,300930,屹通新材
1649,002133,广宇集团
1650,605177,东亚药业
1651,605179,一鸣食品
1652,002651,利君股份
1653,603661,恒林股份
1654,000883,湖北能源
1655,600748,上实发展
1656,600309,万华化学
1657,600736,苏州高新
1658,300272,开能健康
1659,000677,恒天海龙
1660,002832,比音勒芬
1661,603882,金域医学
1662,000948,南天信息
1663,300675,建科院
1664,300496,中科创达
1665,601011,宝泰隆
1666,600533,栖霞建设
1667,002808,恒久科技
1668,300410,正业科技
1669,002544,杰赛科技
1670,002033,丽江股份
1671,601668,中国建筑
1672,601228,广州港
1673,002307,北新路桥
1674,002425,凯撒文化
1675,002761,浙江建投
1676,600528,中铁工业
1677,600469,风神股份
1678,000685,中山公用
1679,002824,和胜股份
1680,002747,埃斯顿
1681,600278,东方创业
1682,300448,浩云科技
1683,002769,普路通
1684,300380,安硕信息
1685,600512,腾达建设
1686,300229,拓尔思
1687,601616,广电电气
1688,603000,人民网
1689,600122,ST宏图
1690,600020,中原高速
1691,688355,明志科技
1692,002783,凯龙股份
1693,002314,南山控股
1694,601088,中国神华
1695,300203,聚光科技
1696,688676,金盘科技
1697,601918,新集能源
1698,300450,先导智能
1699,003019,宸展光电
1700,603528,多伦科技
1701,002270,华明装备
1702,300846,首都在线
1703,000553,安道麦A
1704,000905,厦门港务
1705,601009,南京银行
1706,603338,浙江鼎力
1707,002611,东方精工
1708,000967,盈峰环境
1709,600062,华润双鹤
1710,688682,霍莱沃
1711,300501,海顺新材
1712,603212,赛伍技术
1713,002343,慈文传媒
1714,600459,贵研铂业
1715,601577,长沙银行
1716,300939,秋田微
1717,603979,金诚信
1718,601998,中信银行
1719,600820,隧道股份
1720,300462,华铭智能
1721,688338,赛科希德
1722,688096,京源环保
1723,600901,江苏租赁
1724,002805,丰元股份
1725,003037,三和管桩
1726,600235,民丰特纸
1727,600966,博汇纸业
1728,002061,浙江交科
1729,603679,华体科技
1730,600099,林海股份
1731,688310,迈得医疗
1732,601818,光大银行
1733,603580,艾艾精工
1734,300140,中环装备
1735,300474,景嘉微
1736,000021,深科技
1737,002722,金轮股份
1738,002497,雅化集团
1739,603529,爱玛科技
1740,688600,皖仪科技
1741,688116,天奈科技
1742,002953,日丰股份
1743,601330,绿色动力
1744,600929,雪天盐业
1745,600898,ST美讯
1746,000882,华联股份
1747,002529,海源复材
1748,300155,安居宝
1749,603316,诚邦股份
1750,000627,天茂集团
1751,000875,吉电股份
1752,300949,奥雅设计
1753,601789,宁波建工
1754,002707,众信旅游
1755,300770,新媒股份
1756,300368,汇金股份
1757,002899,英派斯
1758,002601,龙佰集团
1759,603305,旭升股份
1760,603818,曲美家居
1761,603725,天安新材
1762,002251,步 步 高
1763,603928,兴业股份
1764,002674,兴业科技
1765,603829,洛凯股份
1766,300335,迪森股份
1767,603088,宁波精达
1768,600630,龙头股份
1769,000758,中色股份
1770,601901,方正证券
1771,001896,豫能控股
1772,600461,洪城环境
1773,603115,海星股份
1774,301021,英诺激光
1775,600067,冠城大通
1776,601686,友发集团
1777,601222,林洋能源
1778,601229,上海银行
1779,600262,北方股份
1780,600644,乐山电力
1781,002350,北京科锐
1782,600705,中航产融
1783,000665,湖北广电
1784,002354,天神娱乐
1785,002317,众生药业
1786,002057,中钢天源
1787,002292,奥飞娱乐
1788,002137,实益达
1789,002952,亚世光电
1790,600642,申能股份
1791,300805,电声股份
1792,600731,湖南海利
1793,688165,埃夫特-U
1794,300746,汉嘉设计
1795,600336,澳柯玛
1796,002590,万安科技
1797,603687,大胜达
1798,600717,天津港
1799,600568,ST中珠
1800,000026,飞亚达
1801,603012,创力集团
1802,603527,众源新材
1803,603556,海兴电力
1804,601077,渝农商行
1805,600300,ST维维
1806,600755,厦门国贸
1807,601179,中国西电
1808,300853,申昊科技
1809,600792,云煤能源
1810,600468,百利电气
1811,605376,博迁新材
1812,300909,汇创达
1813,000726,鲁  泰Ａ
1814,002039,黔源电力
1815,600316,洪都航空
1816,600871,石化油服
1817,000981,*ST银亿
1818,603778,乾景园林
1819,300897,山科智能
1820,002828,贝肯能源
1821,600838,上海九百
1822,601727,上海电气
1823,000683,远兴能源
1824,688368,晶丰明源
1825,600098,广州发展
1826,300164,通源石油
1827,002958,青农商行
1828,300339,润和软件
1829,002134,天津普林
1830,002078,太阳纸业
1831,603711,香飘飘
1832,300895,铜牛信息
1833,002941,新疆交建
1834,300173,福能东方
1835,600422,昆药集团
1836,002507,涪陵榨菜
1837,000407,胜利股份
1838,000725,京东方Ａ
1839,603303,得邦照明
1840,000637,茂化实华
1841,002098,浔兴股份
1842,002423,中粮资本
1843,600905,三峡能源
1844,603359,东珠生态
1845,605158,华达新材
1846,002021,ST中捷
1847,002392,北京利尔
1848,603019,中科曙光
1849,300583,赛托生物
1850,002860,星帅尔
1851,600561,江西长运
1852,001914,招商积余
1853,600575,淮河能源
1854,000488,晨鸣纸业
1855,603477,巨星农牧
1856,600452,涪陵电力
1857,603950,长源东谷
1858,300013,新宁物流
1859,002665,首航高科
1860,000926,福星股份
1861,601811,新华文轩
1862,000008,神州高铁
1863,603896,寿仙谷
1864,603022,新通联
1865,000417,合肥百货
1866,300020,银江股份
1867,603458,勘设股份
1868,000623,吉林敖东
1869,600284,浦东建设
1870,000839,中信国安
1871,600064,南京高科
1872,000333,美的集团
1873,600167,联美控股
1874,000419,通程控股
1875,603888,新华网
1876,002942,新农股份
1877,600396,金山股份
1878,300064,*ST金刚
1879,000166,申万宏源
1880,601801,皖新传媒
1881,002127,南极电商
1882,300789,唐源电气
1883,000422,湖北宜化
1884,600928,西安银行
1885,000856,冀东装备
1886,002980,华盛昌
1887,600313,农发种业
1888,600248,陕西建工
1889,600649,城投控股
1890,002495,佳隆股份
1891,002995,天地在线
1892,603803,瑞斯康达
1893,000833,粤桂股份
1894,300861,美畅股份
1895,002465,海格通信
1896,688566,吉贝尔
1897,601398,工商银行
1898,600650,锦江在线
1899,300403,汉宇集团
1900,000801,四川九洲
1901,600633,浙数文化
1902,600125,铁龙物流
1903,603689,皖天然气
1904,603105,芯能科技
1905,600648,外高桥
1906,600708,光明地产
1907,603208,江山欧派
1908,688186,广大特材
1909,300669,沪宁股份
1910,002895,川恒股份
1911,300291,华录百纳
1912,002383,合众思壮
1913,601002,晋亿实业
1914,002969,嘉美包装
1915,603866,桃李面包
1916,688619,罗普特
1917,601869,长飞光纤
1918,600546,山煤国际
1919,300434,金石亚药
1920,600977,中国电影
1921,300758,七彩化学
1922,002796,世嘉科技
1923,300388,节能国祯
1924,000969,安泰科技
1925,000063,中兴通讯
1926,300170,汉得信息
1927,600784,鲁银投资
1928,601991,大唐发电
1929,603709,中源家居
1930,603056,德邦股份
1931,002575,*ST群兴
1932,002252,上海莱士
1933,600734,*ST实达
1934,600467,好当家
1935,601598,中国外运
1936,000753,漳州发展
1937,000598,兴蓉环境
1938,300418,昆仑万维
1939,000032,深桑达Ａ
1940,002280,联络互动
1941,003022,联泓新科
1942,600893,航发动力
1943,002357,富临运业
1944,603871,嘉友国际
1945,300482,万孚生物
1946,300546,雄帝科技
1947,600723,首商股份
1948,600170,上海建工
1949,603288,海天味业
1950,300098,高新兴
1951,000061,农 产 品
1952,600339,中油工程
1953,300472,新元科技
1954,600190,锦州港
1955,002155,湖南黄金
1956,000838,财信发展
1957,605118,力鼎光电
1958,300654,世纪天鸿
1959,603817,海峡环保
1960,688425,铁建重工
1961,600868,梅雁吉祥
1962,300468,四方精创
1963,000892,欢瑞世纪
1964,002789,建艺集团
1965,300469,信息发展
1966,688393,安必平
1967,688677,海泰新光
1968,002288,超华科技
1969,600622,光大嘉宝
1970,600015,华夏银行
1971,300505,川金诺
1972,600056,中国医药
1973,002310,东方园林
1974,600133,东湖高新
1975,300160,秀强股份
1976,601939,建设银行
1977,600979,广安爱众
1978,600959,江苏有线
1979,002340,格林美
1980,002124,天邦股份
1981,688059,华锐精密
1982,601288,农业银行
1983,603585,苏利股份
1984,000096,广聚能源
1985,000736,中交地产
1986,600012,皖通高速
1987,603089,正裕工业
1988,601988,中国银行
1989,300322,硕贝德
1990,601298,青岛港
1991,000592,平潭发展
1992,600400,红豆股份
1993,002404,嘉欣丝绸
1994,603682,锦和商业
1995,601010,文峰股份
1996,600811,东方集团
1997,600990,四创电子
1998,600556,天下秀
1999,603086,先达股份
2000,601366,利群股份
2001,605339,南侨食品
2002,001872,招商港口
2003,002223,鱼跃医疗
2004,000767,晋控电力
2005,600177,雅戈尔
2006,600887,伊利股份
2007,603636,南威软件
2008,600794,保税科技
2009,600448,华纺股份
2010,603887,城地香江
2011,300923,研奥股份
2012,603678,火炬电子
2013,688683,莱尔科技
2014,605338,巴比食品
2015,603909,合诚股份
2016,300190,维尔利
2017,603948,建业股份
2018,600023,浙能电力
2019,300664,鹏鹞环保
2020,300650,太龙照明
2021,600168,武汉控股
2022,603199,九华旅游
2023,300255,常山药业
2024,603559,中通国脉
2025,600269,赣粤高速
2026,002322,理工环科
2027,601996,丰林集团
2028,600051,宁波联合
2029,000885,城发环境
2030,600135,乐凯胶片
2031,603980,吉华集团
2032,600567,山鹰国际
2033,600503,华丽家族
2034,600719,大连热电
2035,600361,华联综超
2036,300387,富邦股份
2037,600854,春兰股份
2038,600027,华电国际
2039,000632,三木集团
2040,000608,阳光股份
2041,002022,科华生物
2042,002498,汉缆股份
2043,300617,安靠智电
2044,000557,西部创业
2045,601958,金钼股份
2046,603968,醋化股份
2047,002868,绿康生化
2048,688466,金科环境
2049,300298,三诺生物
2050,600571,信雅达
2051,002765,蓝黛科技
2052,002081,金 螳 螂
2053,002543,万和电气
2054,300286,安科瑞
2055,000543,皖能电力
2056,300855,图南股份
2057,300151,昌红科技
2058,300126,锐奇股份
2059,600590,泰豪科技
2060,000530,冰山冷热
2061,600153,建发股份
2062,603060,国检集团
2063,002724,海洋王
2064,300594,朗进科技
2065,002204,大连重工
2066,002966,苏州银行
2067,603810,丰山集团
2068,601956,东贝集团
2069,002562,兄弟科技
2070,600378,昊华科技
2071,600960,XD渤海汽
2072,600359,新农开发
2073,603583,捷昌驱动
2074,000757,浩物股份
2075,603967,中创物流
2076,000962,东方钽业
2077,002823,凯中精密
2078,002807,江阴银行
2079,600603,广汇物流
2080,300845,捷安高科
2081,600502,安徽建工
2082,601898,中煤能源
2083,600178,东安动力
2084,600637,东方明珠
2085,603969,银龙股份
2086,000952,广济药业
2087,603648,畅联股份
2088,000586,汇源通信
2089,002352,顺丰控股
2090,000900,现代投资
2091,600148,长春一东
2092,002778,中晟高科
2093,600037,歌华有线
2094,600850,电科数字
2095,688018,乐鑫科技
2096,600532,未来股份
2097,300750,宁德时代
2098,603167,渤海轮渡
2099,002227,奥 特 迅
2100,603042,华脉科技
2101,300912,凯龙高科
2102,300668,杰恩设计
2103,300355,蒙草生态
2104,603366,日出东方
2105,600292,远达环保
2106,603970,中农立华
2107,603610,麒盛科技
2108,603706,东方环宇
2109,601568,北元集团
2110,600833,第一医药
2111,000035,中国天楹
2112,600266,城建发展
2113,600895,张江高科
2114,300740,水羊股份
2115,600293,三峡新材
2116,000702,正虹科技
2117,600273,嘉化能源
2118,000027,深圳能源
2119,600333,长春燃气
2120,600560,金自天正
2121,600348,华阳股份
2122,300916,朗特智能
2123,002458,益生股份
2124,003001,中岩大地
2125,002148,北纬科技
2126,300259,新天科技
2127,300533,冰川网络
2128,300731,科创新源
2129,300385,雪浪环境
2130,600233,圆通速递
2131,300697,电工合金
2132,603078,江化微
2133,000537,广宇发展
2134,601698,中国卫通
2135,600491,龙元建设
2136,601368,绿城水务
2137,002948,青岛银行
2138,000682,东方电子
2139,300032,金龙机电
2140,300024,机器人
2141,000715,中兴商业
2142,603609,禾丰股份
2143,600636,国新文化
2144,000566,海南海药
2145,603790,雅运股份
2146,000690,宝新能源
2147,600685,中船防务
2148,603195,公牛集团
2149,600987,航民股份
2150,000619,海螺型材
2151,603339,四方科技
2152,601816,京沪高铁
2153,003004,声迅股份
2154,002059,云南旅游
2155,600025,华能水电
2156,600236,桂冠电力
2157,600121,郑州煤电
2158,300165,天瑞仪器
2159,300699,光威复材
2160,002106,莱宝高科
2161,600612,老凤祥
2162,600195,中牧股份
2163,601019,山东出版
2164,603551,奥普家居
2165,603183,建研院
2166,600312,平高电气
2167,600375,汉马科技
2168,600026,中远海能
2169,600985,淮北矿业
2170,603320,迪贝电气
2171,600692,亚通股份
2172,603959,百利科技
2173,300284,苏交科
2174,000030,富奥股份
2175,002116,中国海诚
2176,601069,西部黄金
2177,300528,幸福蓝海
2178,603220,中贝通信
2179,300925,法本信息
2180,600639,浦东金桥
2181,601699,潞安环能
2182,002678,珠江钢琴
2183,002877,智能自控
2184,600969,郴电国际
2185,605133,嵘泰股份
2186,603916,苏博特
2187,600706,曲江文旅
2188,688559,海目星
2189,688528,秦川物联
2190,003036,泰坦股份
2191,605318,法狮龙
2192,002561,徐家汇
2193,000938,紫光股份
2194,300836,佰奥智能
2195,605006,山东玻纤
2196,300562,乐心医疗
2197,002714,牧原股份
2198,300777,中简科技
2199,688057,金达莱
2200,601900,南方传媒
2201,603238,诺邦股份
2202,603421,鼎信通讯
2203,002298,中电兴发
2204,601163,三角轮胎
2205,600835,上海机电
2206,300047,天源迪科
2207,300407,凯发电气
2208,688536,思瑞浦
2209,300723,一品红
2210,002129,中环股份
2211,600366,宁波韵升
2212,600198,*ST大唐
2213,688122,西部超导
2214,002101,广东鸿图
2215,002920,德赛西威
2216,002105,信隆健康
2217,603113,金能科技
2218,300231,银信科技
2219,600482,中国动力
2220,002020,京新药业
2221,002058,*ST威尔
2222,601187,XD厦门银
2223,603699,纽威股份
2224,002882,金龙羽
2225,002376,新北洋
2226,600711,盛屯矿业
2227,600054,黄山旅游
2228,000688,国城矿业
2229,300607,拓斯达
2230,002624,完美世界
2231,603390,通达电气
2232,600694,大商股份
2233,002214,大立科技
2234,002951,金时科技
2235,600088,中视传媒
2236,000881,中广核技
2237,002847,盐津铺子
2238,300513,恒实科技
2239,300191,潜能恒信
2240,300781,因赛集团
2241,002657,中科金财
2242,002736,国信证券
2243,002254,泰和新材
2244,003018,金富科技
2245,002416,爱施德
2246,300667,必创科技
2247,002623,亚玛顿
2248,603367,辰欣药业
2249,002386,天原股份
2250,000526,学大教育
2251,002462,嘉事堂
2252,300998,宁波方正
2253,300483,首华燃气
2254,002415,海康威视
2255,002825,纳尔股份
2256,603365,水星家纺
2257,000887,中鼎股份
2258,600988,赤峰黄金
2259,300563,神宇股份
2260,600897,厦门空港
2261,002972,科安达
2262,603332,苏州龙杰
2263,605151,西上海
2264,002362,汉王科技
2265,300391,康跃科技
2266,001203,大中矿业
2267,605398,新炬网络
2268,300476,胜宏科技
2269,300823,建科机械
2270,605003,众望布艺
2271,603258,电魂网络
2272,603707,健友股份
2273,688456,有研粉材
2274,300863,卡倍亿
2275,605100,华丰股份
2276,688155,先惠技术
2277,600315,上海家化
2278,688131,皓元医药
2279,688779,长远锂科
2280,688778,厦钨新能
2281,688768,容知日新
2282,688718,唯赛勃
2283,688670,金迪克
2284,688511,天微电子
2285,688509,正元地信
2286,688385,复旦微电
2287,688296,和达科技
2288,688148,芳源股份
2289,688071,华依科技
2290,688009,中国通号
2291,605589,圣泉集团
2292,605577,龙版传媒
2293,605507,国邦医药
2294,605167,利柏特
2295,603997,继峰股份
2296,603868,飞科电器
2297,603863,ST松炀
2298,603861,白云电器
2299,603823,百合花
2300,603618,杭电股份
2301,603606,东方电缆
2302,603588,高能环境
2303,603558,健盛集团
2304,603377,东方时尚
2305,603298,杭叉集团
2306,603165,荣晟环保
2307,603123,翠微股份
2308,603112,华翔股份
2309,603106,恒银科技
2310,603101,汇嘉时代
2311,603036,如通股份
2312,601989,中国重工
2313,601929,吉视传媒
2314,601921,浙版传媒
2315,601916,浙商银行
2316,601860,紫金银行
2317,601825,沪农商行
2318,601766,中国中车
2319,601718,际华集团
2320,601558,退市锐电
2321,601518,吉林高速
2322,601333,广深铁路
2323,601328,交通银行
2324,601326,秦港股份
2325,601299,中国北车
2326,601268,*ST二重
2327,601199,江南水务
2328,601169,北京银行
2329,601118,海南橡胶
2330,601116,三江购物
2331,601086,国芳集团
2332,600996,贵广网络
2333,600995,文山电力
2334,600991,广汽长丰
2335,600978,*ST宜生
2336,600975,新五丰
2337,600973,宝胜股份
2338,600968,海油发展
2339,600965,福成股份
2340,600939,XD重庆建
2341,600917,重庆燃气
2342,600899,*ST信联
2343,600891,退市秋林
2344,600881,亚泰集团
2345,600878,*ST北科
2346,600852,*ST中川
2347,600849,上药转换
2348,600842,中西药业
2349,600840,新湖创业
2350,600832,东方明珠
2351,600825,新华传媒
2352,600822,上海物贸
2353,600816,ST安信
2354,600813,ST鞍一工
2355,600806,退市昆机
2356,600805,悦达投资
2357,600799,*ST龙科
2358,600788,*ST达曼
2359,600786,东方锅炉
2360,600772,S*ST龙昌
2361,600768,宁波富邦
2362,600762,S*ST金荔
2363,600758,辽宁能源
2364,600752,*ST哈慈
2365,600747,退市大控
2366,600743,华远地产
2367,600709,ST生态
2368,600701,退市工新
2369,600700,*ST数码
2370,600689,上海三毛
2371,600687,退市刚泰
2372,600680,*ST上普
2373,600677,*ST航通
2374,600672,*ST华圣
2375,600670,*ST斯达
2376,600669,*ST鞍成
2377,600659,*ST花雕
2378,600658,电子城
2379,600656,退市博元
2380,600653,申华控股
2381,600646,ST国嘉
2382,600634,退市富控
2383,600632,华联商厦
2384,600631,百联股份
2385,600629,华建集团
2386,600627,上电股份
2387,600626,申达股份
2388,600625,PT水仙
2389,600617,国新能源
2390,600614,退市鹏起
2391,600607,上实医药
2392,600591,*ST上航
2393,600553,太行水泥
2394,600526,菲达环保
2395,600485,*ST信威
2396,600472,包头铝业
2397,600462,ST九有
2398,600432,退市吉恩
2399,600403,ST大有
2400,600401,退市海润
2401,600397,安源煤业
2402,600357,承德钒钛
2403,600322,天房发展
2404,600317,营口港
2405,600297,广汇汽车
2406,600296,S兰铝
2407,600286,S*ST国瓷
2408,600283,钱江水利
2409,600270,外运发展
2410,600263,路桥建设
2411,600253,天方药业
2412,600249,两面针
2413,600247,*ST成城
2414,600240,退市华业
2415,600222,太龙药业
2416,600205,S山东铝
2417,600202,哈空调
2418,600181,S*ST云大
2419,600175,退市美都
2420,600162,香江控股
2421,600158,中体产业
2422,600120,浙江东方
2423,600112,*ST天成
2424,600106,重庆路桥
2425,600102,莱钢股份
2426,600092,S*ST精密
2427,600087,退市长油
2428,600086,退市金钰
2429,600074,退市保千
2430,600072,中船科技
2431,600069,退市银鸽
2432,600065,*ST联谊
2433,600032,浙江新能
2434,600029,南方航空
2435,600018,上港集团
2436,600005,武钢股份
2437,600003,ST东北高
2438,600002,齐鲁石化
2439,600001,邯郸钢铁
2440,301042,安联锐视
2441,301041,金百泽
2442,301040,中环海陆
2443,301038,深水规院
2444,301037,保立佳
2445,301036,双乐股份
2446,301035,润丰股份
2447,301033,迈普医学
2448,301029,怡合达
2449,301024,霍普股份
2450,301006,迈拓股份
2451,300994,久祺股份
2452,300967,晓鸣股份
2453,300882,万胜智能
2454,300814,中富电路
2455,300774,倍杰特
2456,300765,新诺威
2457,300492,华图山鼎
2458,300451,创业慧康
2459,300438,鹏辉能源
2460,300431,暴风退
2461,300427,红相股份
2462,300414,中光防雷
2463,300372,欣泰退
2464,300367,ST网力
2465,300278,*ST华昌
2466,300275,梅安森
2467,300253,卫宁健康
2468,300216,千山退
2469,300195,长荣股份
2470,300186,大华农
2471,300161,华中数控
2472,300156,神雾退
2473,300129,泰胜风能
2474,300104,乐视退
2475,300090,盛运退
2476,300070,碧水源
2477,300028,金亚退
2478,003013,地铁设计
2479,003012,东鹏控股
2480,002936,郑州银行
2481,002889,东方嘉盛
2482,002873,新天药业
2483,002872,ST天圣
2484,002866,传艺科技
2485,002835,同为股份
2486,002787,华源控股
2487,002742,三圣股份
2488,002740,爱迪尔
2489,002717,岭南股份
2490,002711,欧浦退
2491,002703,浙江世宝
2492,002698,博实股份
2493,002696,百洋股份
2494,002694,顾地科技
2495,002682,龙洲股份
2496,002680,长生退
2497,002663,普邦股份
2498,002659,凯文教育
2499,002628,成都路桥
2500,002619,*ST艾格
2501,002608,江苏国信
2502,002604,龙力退
2503,002548,金新农
2504,002526,山东矿机
2505,002509,天茂退
2506,002489,浙江永强
2507,002482,广田集团
2508,002477,雏鹰退
2509,002450,康得退
2510,002400,省广集团
2511,002361,神剑股份
2512,002345,潮宏基
2513,002344,海宁皮城
2514,002342,巨力索具
2515,002312,川发龙蟒
2516,002291,星期六
2517,002277,友阿股份
2518,002276,万马股份
2519,002267,陕天然气
2520,002266,浙富控股
2521,002260,*ST德奥
2522,002228,合兴包装
2523,002225,濮耐股份
2524,002220,天宝退
2525,002215,诺 普 信
2526,002178,延华智能
2527,002150,通润装备
2528,002143,印纪退
2529,002112,三变科技
2530,002104,恒宝股份
2531,002100,天康生物
2532,002087,新野纺织
2533,002071,长城退
2534,002070,众和退
2535,002062,宏润建设
2536,002035,华帝股份
2537,002029,七 匹 狼
2538,002018,华信退
2539,002014,永新股份
2540,001212,中旗新材
2541,001211,双枪科技
2542,001210,金房节能
2543,001209,洪兴股份
2544,000979,中弘退
2545,000965,天保基建
2546,000956,中原油气
2547,000939,凯迪退
2548,000916,华北高速
2549,000909,数源科技
2550,000876,新 希 望
2551,000866,扬子石化
2552,000861,海印股份
2553,000850,华茂股份
2554,000832,*ST龙涤
2555,000827,*ST长兴
2556,000817,辽河油田
2557,000816,智慧农业
2558,000815,美利云
2559,000812,陕西金叶
2560,000809,铁岭新城
2561,000805,*ST炎黄
2562,000800,一汽解放
2563,000792,*ST盐湖
2564,000787,*ST创智
2565,000779,甘咨询
2566,000769,*ST大菲
2567,000765,*ST华信
2568,000763,锦州石化
2569,000759,中百集团
2570,000748,长城信息
2571,000730,*ST环保
2572,000722,湖南发展
2573,000716,黑芝麻
2574,000699,S*ST佳纸
2575,000693,华泽退
2576,000689,ST宏业
2577,000675,ST银山
2578,000670,*ST盈方
2579,000662,天夏退
2580,000660,*ST南华
2581,000658,ST海洋
2582,000653,ST九州
2583,000651,格力电器
2584,000621,*ST比特
2585,000618,吉林化工
2586,000602,金马集团
2587,000594,国恒退
2588,000588,PT粤金曼
2589,000583,S*ST托普
2590,000578,盐湖集团
2591,000569,长城股份
2592,000562,宏源证券
2593,000558,莱茵体育
2594,000556,PT南洋
2595,000549,S湘火炬
2596,000542,TCL通讯
2597,000535,*ST猴王
2598,000533,顺钠股份
2599,000531,穗恒运Ａ
2600,000527,美的电器
2601,000524,岭南控股
2602,000522,白云山A
2603,000521,长虹美菱
2604,000520,长航凤凰
2605,000517,荣安地产
2606,000515,攀渝钛业
2607,000514,渝 开 发
2608,000511,烯碳退
2609,000508,琼民源A
2610,000418,小天鹅A
2611,000412,ST五环
2612,000406,石油大明
2613,000405,ST鑫光
2614,000404,长虹华意
2615,000100,TCL科技
2616,000088,盐 田 港
2617,000047,ST中侨
2618,000033,新都退
2619,000024,招商地产
2620,000018,神城A退
2621,000015,PT中浩A
2622,000013,*ST石化A
2623,000003,PT金田A
2624,300679,电连技术
2625,603535,嘉诚国际
2626,605287,德才股份
2627,688639,华恒生物
2628,300985,致远新能
2629,002965,祥鑫科技
2630,603915,国茂股份
2631,603860,中公高科
2632,002878,元隆雅图
2633,300606,金太阳
2634,002041,登海种业
2635,688500,慧辰股份
2636,600363,联创光电
2637,603982,泉峰汽车
2638,603096,新经典
2639,603708,家家悦
2640,002607,中公教育
2641,002739,万达电影
2642,300257,开山股份
2643,003033,征和工业
2644,300512,中亚股份
2645,603035,常熟汽饰
2646,603519,立霸股份
2647,600697,欧亚集团
2648,300068,南都电源
2649,605178,时空科技
2650,600674,川投能源
2651,000501,鄂武商Ａ
2652,002661,克明食品
2653,600661,昂立教育
2654,002669,康达新材
2655,301005,超捷股份
2656,300514,友讯达
2657,601595,上海电影
2658,300333,兆日科技
2659,603798,康普顿
2660,603331,百达精工
2661,603429,集友股份
2662,300405,科隆股份
2663,300918,南山智尚
2664,601607,上海医药
2665,002830,名雕股份
2666,605298,必得科技
2667,002365,永安药业
2668,600667,太极实业
2669,603099,长白山
2670,603577,汇金通
2671,603568,伟明环保
2672,002751,易尚展示
2673,300294,博雅生物
2674,300952,恒辉安防
2675,688058,宝兰德
2676,002905,金逸影视
2677,002846,英联股份
2678,300993,玉马遮阳
2679,300392,腾信股份
2680,001696,宗申动力
2681,000633,合金投资
2682,603686,龙马环卫
2683,603768,常青股份
2684,000014,沙河股份
2685,300850,新强联
2686,300932,三友联众
2687,600789,鲁抗医药
2688,002403,爱仕达
2689,300962,中金辐照
2690,002468,申通快递
2691,300254,仟源医药
2692,603003,龙宇燃油
2693,600446,金证股份
2694,000429,粤高速Ａ
2695,603569,长久物流
2696,600517,国网英大
2697,603655,朗博科技
2698,002746,仙坛股份
2699,300136,信维通信
2700,300374,中铁装配
2701,605128,上海沿浦
2702,000819,岳阳兴长
2703,002283,天润工业
2704,000016,深康佳Ａ
2705,300273,和佳医疗
2706,002278,神开股份
2707,000402,金 融 街
2708,601515,东风股份
2709,600956,新天绿能
2710,300735,光弘科技
2711,601006,大秦铁路
2712,000968,蓝焰控股
2713,000985,大庆华科
2714,600251,冠农股份
2715,603396,金辰股份
2716,601778,晶科科技
2717,300596,利安隆
2718,002499,*ST科林
2719,688158,优刻得-W
2720,002438,江苏神通
2721,600783,鲁信创投
2722,300862,蓝盾光电
2723,300234,开尔新材
2724,300703,创源股份
2725,000597,东北制药
2726,000601,韶能股份
2727,002685,华东重机
2728,600335,国机汽车
2729,002516,旷达科技
2730,002921,联诚精密
2731,600004,白云机场
2732,600340,华夏幸福
2733,000990,诚志股份
2734,600115,中国东航
2735,002094,青岛金王
2736,603665,康隆达
2737,601369,陕鼓动力
2738,002279,久其软件
2739,601968,宝钢包装
2740,002235,安妮股份
2741,002111,威海广泰
2742,600804,鹏博士
2743,003023,彩虹集团
2744,000421,南京公用
2745,002758,浙农股份
2746,002364,中恒电气
2747,300001,特锐德
2748,300767,震安科技
2749,002712,思美传媒
2750,000996,中国中期
2751,600328,中盐化工
2752,000600,建投能源
2753,002420,毅昌股份
2754,600455,博通股份
2755,605368,蓝天燃气
2756,002911,佛燃能源
2757,603813,原尚股份
2758,603229,奥翔药业
2759,002090,金智科技
2760,600009,上海机场
2761,600730,中国高科
2762,600058,五矿发展
2763,600778,友好集团
2764,600131,国网信通
2765,300893,松原股份
2766,603815,交建股份
2767,000739,普洛药业
2768,300315,掌趣科技
2769,002693,双成药业
2770,600986,浙文互联
2771,300539,横河精密
2772,002244,滨江集团
2773,003009,中天火箭
2774,002281,光迅科技
2775,000721,西安饮食
2776,600693,东百集团
2777,600265,*ST景谷
2778,002264,新 华 都
2779,002836,新宏泽
2780,002510,天汽模
2781,600160,巨化股份
2782,002660,茂硕电源
2783,002099,海翔药业
2784,000628,高新发展
2785,603836,海程邦达
2786,002096,南岭民爆
2787,300169,天晟新材
2788,000599,青岛双星
2789,000679,大连友谊
2790,603023,威帝股份
2791,002253,川大智胜
2792,601200,上海环境
2793,300027,华谊兄弟
2794,002781,奇信股份
2795,600916,中国黄金
2796,002166,莱茵生物
2797,605088,冠盛股份
2798,603918,金桥信息
2799,002528,英飞拓
2800,601012,隆基股份
2801,002324,普利特
2802,601665,齐鲁银行
2803,688538,和辉光电-U
2804,002613,北玻股份
2805,600599,ST熊猫
2806,600823,世茂股份
2807,003039,顺控发展
2808,002716,金贵银业
2809,002988,豪美新材
2810,600057,厦门象屿
2811,000798,中水渔业
2812,600279,重庆港九
2813,002999,天禾股份
2814,300560,中富通
2815,600595,*ST中孚
2816,000998,隆平高科
2817,600683,京投发展
2818,002054,德美化工
2819,000607,华媒控股
2820,300226,上海钢联
2821,002650,ST加加
2822,603660,苏州科达
2823,600635,大众公用
2824,600358,国旅联合
2825,000031,大悦城
2826,002512,达华智能
2827,600495,晋西车轴
2828,603029,天鹅股份
2829,603579,荣泰健康
2830,603578,三星新材
2831,603767,中马传动
2832,000622,恒立实业
2833,000518,四环生物
2834,600611,大众交通
2835,603506,南都物业
2836,600426,华鲁恒升
2837,603536,惠发食品
2838,603356,华菱精工
2839,603955,大千生态
2840,603595,东尼电子
2841,000980,*ST众泰
2842,603221,爱丽家居
2843,603917,合力科技
2844,600801,华新水泥
2845,300555,路通视信
2846,605333,沪光股份
2847,002194,武汉凡谷
2848,600268,国电南自
2849,002069,獐子岛
2850,002713,东易日盛
2851,300983,尤安设计
2852,000078,海王生物
2853,603348,文灿股份
2854,600742,一汽富维
2855,002800,天顺股份
2856,600592,龙溪股份
2857,603788,宁波高发
2858,601188,龙江交通
2859,300710,万隆光电
2860,600651,飞乐音响
2861,300145,中金环境
2862,002337,赛象科技
2863,002967,广电计量
2864,605155,西大门
2865,603300,华铁应急
2866,002001,新 和 成
2867,002602,世纪华通
2868,603318,水发燃气
2869,603869,新智认知
2870,600790,轻纺城
2871,603136,天目湖
2872,605122,四方新材
2873,600097,开创国际
2874,600675,中华企业
2875,300197,节能铁汉
2876,603996,*ST中新
2877,600208,新湖中宝
2878,600127,金健米业
2879,688027,国盾量子
2880,600100,同方股份
2881,600867,通化东宝
2882,000676,智度股份
2883,002979,雷赛智能
2884,000001,平安银行
2885,300461,田中精机
2886,300336,新文化
2887,300397,天和防务
2888,600355,精伦电子
2889,300741,华宝股份
2890,600486,扬农化工
2891,002692,ST远程
2892,600665,天地源
2893,002431,棕榈股份
2894,600869,远东股份
2895,600936,广西广电
2896,600082,海泰发展
2897,300113,顺网科技
2898,600839,四川长虹
2899,600319,*ST亚星
2900,002321,*ST华英
2901,000976,华铁股份
2902,600288,大恒科技
2903,600605,汇通能源
2904,002486,嘉麟杰
2905,300580,贝斯特
2906,601965,中国汽研
2907,603066,音飞储存
2908,601952,苏垦农发
2909,000605,渤海股份
2910,000042,中洲控股
2911,600812,华北制药
2912,000837,秦川机床
2913,601158,重庆水务
2914,600739,辽宁成大
2915,600150,中国船舶
2916,002981,朝阳科技
2917,600615,*ST丰华
2918,603903,中持股份
2919,600845,宝信软件
2920,000921,海信家电
2921,000089,深圳机场
2922,603499,翔港科技
2923,000858,五 粮 液
2924,600077,宋都股份
2925,000564,*ST大集
2926,600395,盘江股份
2927,300251,光线传媒
2928,603385,惠达卫浴
2929,600765,中航重机
2930,603021,山东华鹏
2931,000880,潍柴重机
2932,300826,测绘股份
2933,002197,证通电子
2934,603668,天马科技
2935,000540,中天金融
2936,603488,展鹏科技
2937,600527,江南高纤
2938,002697,红旗连锁
2939,002990,盛视科技
2940,600493,凤竹纺织
2941,603530,神马电力
2942,603031,安德利
2943,603323,苏农银行
2944,000505,京粮控股
2945,600250,南纺股份
2946,600187,国中水务
2947,002595,豪迈科技
2948,600299,安迪苏
2949,003002,壶化股份
2950,300552,万集科技
2951,603797,联泰环保
2952,600570,恒生电子
2953,002265,西仪股份
2954,002351,漫步者
2955,002130,沃尔核材
2956,300616,尚品宅配
2957,300989,蕾奥规划
2958,000017,深中华A
2959,300441,鲍斯股份
2960,002082,万邦德
2961,002534,杭锅股份
2962,601828,美凯龙
2963,600365,ST通葡
2964,002585,双星新材
2965,000036,华联控股
2966,300277,海联讯
2967,000886,海南高速
2968,002168,惠程科技
2969,300769,德方纳米
2970,002993,奥海科技
2971,688568,中科星图
2972,600894,广日股份
2973,002336,人人乐
2974,002589,瑞康医药
2975,605266,健之佳
2976,002715,登云股份
2977,000732,泰禾集团
2978,002448,中原内配
2979,688183,生益电子
2980,000413,东旭光电
2981,002103,广博股份
2982,603727,博迈科
2983,002960,青鸟消防
2984,603081,大丰实业
2985,300049,福瑞股份
2986,002169,智光电气
2987,603267,鸿远电子
2988,300248,新开普
2989,603859,能科股份
2990,002181,粤 传 媒
2991,601858,中国科传
2992,603327,福蓉科技
2993,002547,春兴精工
2994,002239,奥特佳
2995,002389,航天彩虹
2996,300698,万马科技
2997,601700,风范股份
2998,002567,唐人神
2999,300400,劲拓股份
3000,600104,上汽集团
3001,300521,爱司凯
3002,000023,深天地Ａ
3003,600239,*ST云城
3004,002421,达实智能
3005,603232,格尔软件
3006,002274,华昌化工
3007,603733,仙鹤股份
3008,300892,品渥食品
3009,002167,东方锆业
3010,002013,中航机电
3011,300276,三丰智能
3012,000897,津滨发展
3013,600073,上海梅林
3014,600113,浙江东日
3015,603598,引力传媒
3016,603037,凯众股份
3017,603053,成都燃气
3018,600420,国药现代
3019,002519,银河电子
3020,601138,工业富联
3021,002394,联发股份
3022,600883,博闻科技
3023,300267,尔康制药
3024,600908,无锡银行
3025,603227,雪峰科技
3026,002599,盛通股份
3027,603607,京华激光
3028,605222,起帆电缆
3029,300159,新研股份
3030,000019,深粮控股
3031,601798,蓝科高新
3032,603626,科森科技
3033,600423,柳化股份
3034,002935,天奥电子
3035,002107,沃华医药
3036,002052,ST同洲
3037,300695,兆丰股份
3038,000156,华数传媒
3039,603118,共进股份
3040,601949,中国出版
3041,300261,雅本化学
3042,002822,中装建设
3043,603108,润达医疗
3044,300376,易事特
3045,002662,京威股份
3046,603683,晶华新材
3047,600741,华域汽车
3048,002639,雪人股份
3049,600880,XD博瑞传
3050,002790,瑞尔特
3051,600831,广电网络
3052,688118,普元信息
3053,603131,上海沪工
3054,002470,*ST金正
3055,002457,青龙管业
3056,300738,奥飞数据
3057,600287,江苏舜天
3058,002702,海欣食品
3059,603789,星光农机
3060,003005,竞业达
3061,600356,恒丰纸业
3062,002777,久远银海
3063,002752,昇兴股份
3064,600136,当代文体
3065,600130,波导股份
3066,300762,上海瀚讯
3067,000668,荣丰控股
3068,600562,国睿科技
3069,002551,尚荣医疗
3070,002918,蒙娜丽莎
3071,600624,复旦复华
3072,600521,华海药业
3073,002725,跃岭股份
3074,000788,北大医药
3075,002259,*ST升达
3076,000529,广弘控股
3077,600638,新黄浦
3078,002732,燕塘乳业
3079,601098,中南传媒
3080,002786,银宝山新
3081,300662,科锐国际
3082,688359,三孚新科
3083,002785,万里石
3084,600386,北巴传媒
3085,688195,腾景科技
3086,603033,三维股份
3087,300509,新美星
3088,002863,今飞凯达
3089,002303,美盈森
3090,603013,亚普股份
3091,000756,新华制药
3092,300356,ST光一
3093,600376,首开股份
3094,605296,神农集团
3095,002782,可立克
3096,000678,襄阳轴承
3097,600215,长春经开
3098,000755,山西路桥
3099,603496,恒为科技
3100,000851,高鸿股份
3101,600791,京能置业
3102,000609,*ST中迪
3103,300043,星辉娱乐
3104,605018,长华股份
3105,000927,中国铁物
3106,600399,抚顺特钢
3107,600598,北大荒
3108,003011,海象新材
3109,300245,天玑科技
3110,603226,菲林格尔
3111,000585,*ST东电
3112,002302,西部建设
3113,002161,远 望 谷
3114,300773,拉卡拉
3115,603009,北特科技
3116,300525,博思软件
3117,300425,中建环能
3118,600189,泉阳泉
3119,601599,浙文影业
3120,603368,柳药股份
3121,002377,国创高新
3122,000028,国药一致
3123,002079,苏州固锝
3124,002015,协鑫能科
3125,000158,常山北明
3126,688070,纵横股份
3127,300288,朗玛信息
3128,605303,园林股份
3129,603759,海天股份
3130,603266,天龙股份
3131,300017,网宿科技
3132,600737,中粮糖业
3133,300383,光环新网
3134,000573,粤宏远Ａ
3135,002793,罗欣药业
3136,300167,迪威迅
3137,002284,亚太股份
3138,002034,旺能环境
3139,000590,启迪药业
3140,600874,创业环保
3141,603278,大业股份
3142,002091,江苏国泰
3143,600754,锦江酒店
3144,002417,深南股份
3145,300478,杭州高新
3146,603268,松发股份
3147,601339,百隆东方
3148,600083,*ST博信
3149,300771,智莱科技
3150,300146,汤臣倍健
3151,002695,煌上煌
3152,603335,迪生力
3153,600551,时代出版
3154,002187,广百股份
3155,300332,天壕环境
3156,600903,贵州燃气
3157,603311,金海高科
3158,600962,国投中鲁
3159,603016,新宏泰
3160,603040,新坐标
3161,601258,庞大集团
3162,603639,海利尔
3163,002443,金洲管道
3164,603719,良品铺子
3165,300244,迪安诊断
3166,603516,淳中科技
3167,600518,*ST康美
3168,002432,九安医疗
3169,300990,同飞股份
3170,300957,贝泰妮
3171,300187,永清环保
3172,300135,宝利国际
3173,600967,内蒙一机
3174,688017,绿的谐波
3175,002301,齐心集团
3176,600879,航天电子
3177,600619,海立股份
3178,300337,银邦股份
3179,002560,通达股份
3180,688625,呈和科技
3181,000550,江铃汽车
3182,601933,永辉超市
3183,001201,东瑞股份
3184,603998,方盛制药
3185,600488,天药股份
3186,000559,万向钱潮
3187,002775,文科园林
3188,002503,搜于特
3189,300929,华骐环保
3190,300050,世纪鼎利
3191,002569,ST步森
3192,002779,中坚科技
3193,600610,中毅达
3194,601966,玲珑轮胎
3195,300979,华利集团
3196,300672,国科微
3197,600604,市北高新
3198,002330,得利斯
3199,600500,中化国际
3200,603026,石大胜华
3201,002319,乐通股份
3202,002080,中材科技
3203,000652,泰达股份
3204,605188,国光连锁
3205,600007,中国国贸
3206,300184,力源信息
3207,002467,二六三
3208,000868,安凯客车
3209,600343,航天动力
3210,603828,柯利达
3211,603881,数据港
3212,300442,普丽盛
3213,002946,新乳业
3214,000410,ST沈机
3215,603269,海鸥股份
3216,002767,先锋电子
3217,002591,恒大高新
3218,300915,海融科技
3219,301019,宁波色母
3220,300210,森远股份
3221,002398,垒知集团
3222,603676,卫信康
3223,600525,长园集团
3224,688658,悦康药业
3225,600068,葛洲坝
3226,600179,安通控股
3227,000957,中通客车
3228,600373,中文传媒
3229,002437,誉衡药业
3230,000423,东阿阿胶
3231,600998,九州通
3232,603995,甬金股份
3233,605196,华通线缆
3234,002719,*ST麦趣
3235,002573,清新环境
3236,300978,东箭科技
3237,002826,易明医药
3238,603602,纵横通信
3239,300213,佳讯飞鸿
3240,603103,横店影视
3241,601360,三六零
3242,603843,正平股份
3243,300795,*ST米奥
3244,300463,迈克生物
3245,603755,日辰股份
3246,300557,理工光科
3247,300016,北陆药业
3248,300614,百川畅银
3249,603286,日盈电子
3250,603680,今创集团
3251,300348,长亮科技
3252,300048,合康新能
3253,002799,环球印务
3254,002412,汉森制药
3255,603630,拉芳家化
3256,603886,元祖股份
3257,300953,震裕科技
3258,600523,贵航股份
3259,002565,顺灏股份
3260,600079,人福医药
3261,603963,大理药业
3262,603363,傲农生物
3263,300396,迪瑞医疗
3264,002672,东江环保
3265,688189,南新制药
3266,600038,中直股份
3267,002750,龙津药业
3268,603139,康惠制药
3269,600385,*ST金泰
3270,600156,华升股份
3271,002731,萃华珠宝
3272,002445,中南文化
3273,000953,河化股份
3274,688028,沃尔德
3275,600853,龙建股份
3276,002093,国脉科技
3277,300262,巴安水务
3278,300873,海晨股份
3279,002627,宜昌交运
3280,300659,中孚信息
3281,300901,中胤时尚
3282,600606,绿地控股
3283,002385,大北农
3284,002325,洪涛股份
3285,002046,国机精工
3286,000955,欣龙控股
3287,300749,顶固集创
3288,603020,爱普股份
3289,300760,迈瑞医疗
3290,003035,南网能源
3291,002583,海能达
3292,300081,恒信东方
3293,301000,肇民科技
3294,603758,秦安股份
3295,300375,鹏翎股份
3296,300265,通光线缆
3297,600118,中国卫星
3298,688321,微芯生物
3299,000037,深南电A
3300,300413,芒果超媒
3301,002456,欧菲光
3302,603100,川仪股份
3303,300144,宋城演艺
3304,688636,智明达
3305,300004,南风股份
3306,603880,南卫股份
3307,000411,英特集团
3308,002050,三花智控
3309,600419,天润乳业
3310,002008,大族激光
3311,002879,长缆科技
3312,600858,银座股份
3313,600848,上海临港
3314,002382,蓝帆医疗
3315,300677,英科医疗
3316,300535,达威股份
3317,300247,融捷健康
3318,300694,蠡湖股份
3319,300649,杭州园林
3320,300105,龙源技术
3321,600377,宁沪高速
3322,600435,北方导航
3323,002699,美盛文化
3324,300358,楚天科技
3325,600481,双良节能
3326,300950,德固特
3327,000038,深大通
3328,600900,长江电力
3329,300426,唐德影视
3330,300021,大禹节水
3331,601231,环旭电子
3332,300119,瑞普生物
3333,600354,敦煌种业
3334,300110,华仁药业
3335,000813,德展健康
3336,605077,华康股份
3337,300139,晓程科技
3338,603889,新澳股份
3339,600008,首创环保
3340,603360,百傲化学
3341,003007,直真科技
3342,002419,天虹股份
3343,600513,联环药业
3344,000806,ST银河
3345,688188,柏楚电子
3346,605189,富春染织
3347,300178,*ST腾邦
3348,600280,中央商场
3349,600821,金开新能
3350,000409,云鼎科技
3351,300386,飞天诚信
3352,300600,国瑞科技
3353,300943,春晖智控
3354,000777,中核科技
3355,300759,康龙化成
3356,603188,亚邦股份
3357,001965,招商公路
3358,002074,国轩高科
3359,002641,永高股份
3360,603949,雪龙集团
3361,000611,*ST天首
3362,002095,生 意 宝
3363,000705,浙江震元
3364,300365,恒华科技
3365,002968,新大正
3366,600855,航天长峰
3367,600186,莲花健康
3368,600597,光明乳业
3369,605080,浙江自然
3370,002262,恩华药业
3371,600321,正源股份
3372,000713,丰乐种业
3373,600779,水井坊
3374,688565,力源科技
3375,300938,信测标准
3376,603379,三美股份
3377,600310,桂东电力
3378,600846,同济科技
3379,601888,中国中免
3380,300584,海辰药业
3381,000560,我爱我家
3382,000790,华神科技
3383,603615,茶花股份
3384,300395,菲利华
3385,688788,科思科技
3386,300590,移为通信
3387,600272,开开实业
3388,600439,瑞贝卡
3389,603322,超讯通信
3390,600609,金杯汽车
3391,300486,东杰智能
3392,600857,宁波中百
3393,000631,顺发恒业
3394,603398,邦宝益智
3395,600563,法拉电子
3396,300436,广生堂
3397,600241,ST时万
3398,002195,二三四五
3399,002395,双象股份
3400,603353,和顺石油
3401,002038,双鹭药业
3402,300976,达瑞电子
3403,002491,通鼎互联
3404,002811,郑中设计
3405,002721,金一文化
3406,002380,科远智慧
3407,000523,*ST浪奇
3408,002605,姚记科技
3409,002019,亿帆医药
3410,600981,汇鸿集团
3411,300817,双飞股份
3412,600229,城市传媒
3413,600128,弘业股份
3414,000616,ST海投
3415,300956,英力股份
3416,600416,湘电股份
3417,300682,朗新科技
3418,002676,顺威股份
3419,002598,山东章鼓
3420,002792,通宇通讯
3421,000917,电广传媒
3422,605288,凯迪股份
3423,002861,瀛通通讯
3424,002188,*ST巴士
3425,600836,上海易连
3426,002163,海南发展
3427,603180,金牌厨柜
3428,600303,曙光股份
3429,605016,百龙创园
3430,600415,小商品城
3431,002635,安洁科技
3432,002626,金达威
3433,300963,中洲特材
3434,600718,东软集团
3435,002989,中天精装
3436,601890,亚星锚链
3437,000007,*ST全新
3438,300785,值得买
3439,603927,中科软
3440,300299,富春股份
3441,600601,ST方科
3442,002374,中锐股份
3443,600681,百川能源
3444,603330,上海天洋
3445,002634,棒杰股份
3446,002577,雷柏科技
3447,600662,强生控股
3448,000639,西王食品
3449,300947,德必集团
3450,603808,歌力思
3451,600713,南京医药
3452,002922,伊戈尔
3453,300124,汇川技术
3454,002159,三特索道
3455,300688,创业黑马
3456,002976,瑞玛工业
3457,600860,京城股份
3458,600824,益民集团
3459,002511,中顺洁柔
3460,300023,*ST宝德
3461,300991,创益通
3462,002473,*ST圣莱
3463,300379,东方通
3464,600729,重庆百货
3465,600094,大名城
3466,300970,华绿生物
3467,002234,民和股份
3468,603800,道森股份
3469,600682,南京新百
3470,688333,铂力特
3471,002384,东山精密
3472,003040,楚天龙
3473,002857,三晖电气
3474,688633,星球石墨
3475,300877,金春股份
3476,605228,神通科技
3477,002749,国光股份
3478,002118,紫鑫药业
3479,603713,密尔克卫
3480,002149,西部材料
3481,300591,万里马
3482,603289,泰瑞机器
3483,002399,海普瑞
3484,002210,*ST飞马
3485,600767,ST运盛
3486,300281,金明精机
3487,300029,*ST天龙
3488,603028,赛福天
3489,688157,松井股份
3490,300878,维康药业
3491,688030,山石网科
3492,002424,贵州百灵
3493,600673,东阳光
3494,603110,东方材料
3495,002771,真视通
3496,688208,道通科技
3497,601007,金陵饭店
3498,300209,天泽信息
3499,600091,*ST明科
3500,601156,东航物流
3501,002293,罗莱生活
3502,002504,ST弘高
3503,600797,浙大网新
3504,002186,全 聚 德
3505,300889,爱克股份
3506,002375,亚厦股份
3507,000729,燕京啤酒
3508,603177,德创环保
3509,603587,地素时尚
3510,002891,中宠股份
3511,300643,万通智控
3512,002327,富安娜
3513,002535,ST林重
3514,000727,冠捷科技
3515,002653,海思科
3516,300946,恒而达
3517,002633,申科股份
3518,688217,睿昂基因
3519,002065,东华软件
3520,600818,中路股份
3521,000536,华映科技
3522,600775,南京熊猫
3523,002683,宏大爆破
3524,003027,同兴环保
3525,002151,北斗星通
3526,603590,康辰药业
3527,002629,ST仁智
3528,601015,陕西黑猫
3529,002550,千红制药
3530,688519,南亚新材
3531,603877,太平鸟
3532,600132,重庆啤酒
3533,688317,之江生物
3534,600053,九鼎投资
3535,300504,天邑股份
3536,300506,名家汇
3537,603901,永创智能
3538,603712,七一二
3539,002848,高斯贝尔
3540,002413,雷科防务
3541,002541,鸿路钢构
3542,002042,华孚时尚
3543,603721,中广天择
3544,000793,华闻集团
3545,300812,易天股份
3546,600305,恒顺醋业
3547,002368,太极股份
3548,000638,*ST万方
3549,002308,威创股份
3550,002231,奥维通信
3551,300285,国瓷材料
3552,600716,凤凰股份
3553,300420,五洋停车
3554,000151,中成股份
3555,002369,卓翼科技
3556,603079,圣达生物
3557,002435,长江健康
3558,002755,奥赛康
3559,300902,国安达
3560,000826,启迪环境
3561,002524,光正眼科
3562,603043,广州酒家
3563,002193,如意集团
3564,300629,新劲刚
3565,601117,中国化学
3566,002346,柘中股份
3567,002838,道恩股份
3568,600096,云天化
3569,002378,章源钨业
3570,300550,和仁科技
3571,600712,南宁百货
3572,000695,滨海能源
3573,000977,浪潮信息
3574,600410,华胜天成
3575,600071,凤凰光学
3576,300986,志特新材
3577,600698,湖南天雁
3578,000062,深圳华强
3579,603059,倍加洁
3580,600841,上柴股份
3581,605286,同力日升
3582,605055,迎丰股份
3583,603067,振华股份
3584,688128,中国电研
3585,600584,长电科技
3586,600555,*ST海创
3587,300676,华大基因
3588,002471,中超控股
3589,000620,新华联
3590,300999,金龙鱼
3591,000504,南华生物
3592,002689,远大智能
3593,603716,塞力医疗
3594,002157,正邦科技
3595,300076,GQY视讯
3596,300886,华业香料
3597,600862,中航高科
3598,301008,宏昌科技
3599,603507,振江股份
3600,600119,长江投资
3601,300624,万兴科技
3602,600861,北京城乡
3603,002154,报 喜 鸟
3604,688260,昀冢科技
3605,300931,通用电梯
3606,002557,洽洽食品
3607,002840,华统股份
3608,002028,思源电气
3609,300152,科融环境
3610,002871,伟隆股份
3611,600961,株冶集团
3612,000534,万泽股份
3613,000040,东旭蓝天
3614,300030,阳普医疗
3615,002299,圣农发展
3616,300137,先河环保
3617,002821,凯莱英
3618,002818,富森美
3619,000502,*ST绿景
3620,002801,微光股份
3621,600545,卓郎智能
3622,002494,华斯股份
3623,300497,富祥药业
3624,300344,立方数科
3625,002434,万里扬
3626,000738,航发控制
3627,688309,恒誉环保
3628,000919,金陵药业
3629,002063,远光软件
3630,000503,国新健康
3631,601311,骆驼股份
3632,600221,*ST海航
3633,300908,仲景食品
3634,600393,ST粤泰
3635,002869,金溢科技
3636,605488,福莱新材
3637,600696,岩石股份
3638,300972,万辰生物
3639,300194,福安药业
3640,300175,朗源股份
3641,002700,ST浩源
3642,688617,惠泰医疗
3643,300686,智动力
3644,603922,金鸿顺
3645,300729,乐歌股份
3646,300720,海川智能
3647,600535,天士力
3648,300250,初灵信息
3649,600145,*ST新亿
3650,002688,金河生物
3651,300969,恒帅股份
3652,688258,卓易信息
3653,603722,阿科力
3654,002177,御银股份
3655,600684,珠江股份
3656,002681,奋达科技
3657,002907,华森制药
3658,002238,天威视讯
3659,002845,同兴达
3660,000538,云南白药
3661,300087,荃银高科
3662,002880,卫光生物
3663,688508,芯朋微
3664,605008,长鸿高科
3665,600173,卧龙地产
3666,002766,*ST索菱
3667,002870,香山股份
3668,300788,中信出版
3669,600149,廊坊发展
3670,002287,奇正藏药
3671,688108,赛诺医疗
3672,002153,石基信息
3673,002728,特一药业
3674,600733,北汽蓝谷
3675,603321,梅轮电梯
3676,002932,明德生物
3677,600980,北矿科技
3678,300683,海特生物
3679,600530,交大昂立
3680,000785,居然之家
3681,605319,无锡振华
3682,002705,新宝股份
3683,600613,神奇制药
3684,002910,庄园牧场
3685,600566,济川药业
3686,300264,佳创视讯
3687,002820,桂发祥
3688,300875,捷强装备
3689,300465,高伟达
3690,002928,华夏航空
3691,600536,中国软件
3692,603899,晨光文具
3693,000799,酒鬼酒
3694,002883,中设股份
3695,300761,立华股份
3696,603787,新日股份
3697,600519,贵州茅台
3698,600620,天宸股份
3699,002173,创新医疗
3700,688098,申联生物
3701,000428,华天酒店
3702,600143,金发科技
3703,000555,神州信息
3704,600398,海澜之家
3705,300718,长盛轴承
3706,603085,天成自控
3707,300783,三只松鼠
3708,300657,弘信电子
3709,600645,中源协和
3710,600080,金花股份
3711,600137,浪莎股份
3712,300752,隆利科技
3713,300905,宝丽迪
3714,603200,上海洗霸
3715,002858,力盛赛车
3716,600267,海正药业
3717,688686,奥普特
3718,300404,博济医药
3719,002066,瑞泰科技
3720,002536,飞龙股份
3721,600089,特变电工
3722,000768,中航西飞
3723,002906,华阳集团
3724,688606,奥泰生物
3725,300188,美亚柏科
3726,600892,大晟文化
3727,300674,宇信科技
3728,600070,浙江富润
3729,002414,高德红外
3730,600865,百大集团
3731,003029,吉大正元
3732,603698,航天工程
3733,002727,一心堂
3734,300968,格林精密
3735,600572,康恩贝
3736,603039,泛微网络
3737,002179,中航光电
3738,003032,传智教育
3739,000989,九 芝 堂
3740,603816,顾家家居
3741,300026,红日药业
3742,002515,金字火腿
3743,002892,科力尔
3744,688358,祥生医疗
3745,300628,亿联网络
3746,300840,酷特智能
3747,000971,ST高升
3748,002006,精功科技
3749,600246,万通发展
3750,300114,中航电测
3751,300592,华凯创意
3752,600764,中国海防
3753,300473,德尔股份
3754,600735,新华锦
3755,600350,山东高速
3756,300025,华星创业
3757,002212,天融信
3758,600829,人民同泰
3759,605081,太和水
3760,002603,以岭药业
3761,002780,三夫户外
3762,001202,炬申股份
3763,688222,成都先导
3764,603608,天创时尚
3765,603351,威尔药业
3766,603508,思维列控
3767,000915,华特达因
3768,300988,津荣天宇
3769,300212,易华录
3770,600107,美尔雅
3771,605123,派克新材
3772,300310,宜通世纪
3773,002030,达安基因
3774,300866,安克创新
3775,002032,苏 泊 尔
3776,688468,科美诊断
3777,603898,好莱客
3778,600228,返利科技
3779,002484,江海股份
3780,601606,长城军工
3781,002086,*ST东洋
3782,600116,三峡水利
3783,603839,安正时尚
3784,603160,汇顶科技
3785,002333,罗普斯金
3786,688229,博睿数据
3787,300701,森霸传感
3788,300005,探路者
3789,000613,*ST东海A
3790,300696,爱乐达
3791,603718,海利生物
3792,300568,星源材质
3793,300595,欧普康视
3794,603696,安记食品
3795,300079,数码视讯
3796,600828,茂业商业
3797,600052,浙江广厦
3798,301016,雷尔伟
3799,688097,博众精工
3800,003016,欣贺股份
3801,300034,钢研高纳
3802,688363,华熙生物
3803,601021,春秋航空
3804,603766,隆鑫通用
3805,002586,*ST围海
3806,603589,口子窖
3807,000150,宜华健康
3808,002987,京北方
3809,600710,苏美达
3810,300078,思创医惠
3811,002216,三全食品
3812,300297,蓝盾股份
3813,002005,ST德豪
3814,002668,奥马电器
3815,600827,百联股份
3816,301002,崧盛股份
3817,002864,盘龙药业
3818,603976,正川股份
3819,605090,九丰能源
3820,688039,当虹科技
3821,603605,珀莱雅
3822,603848,好太太
3823,603737,三棵树
3824,002311,海大集团
3825,002856,美芝股份
3826,300809,华辰装备
3827,603466,风语筑
3828,002723,金莱特
3829,002044,美年健康
3830,000780,ST平能
3831,002084,海鸥住工
3832,688111,金山办公
3833,688345,博力威
3834,002949,华阳国际
3835,000570,苏常柴Ａ
3836,002245,蔚蓝锂芯
3837,002556,辉隆股份
3838,688681,科汇股份
3839,603369,今世缘
3840,600480,凌云股份
3841,300313,ST天山
3842,688289,圣湘生物
3843,300775,三角防务
3844,300075,数字政通
3845,002791,坚朗五金
3846,002152,广电运通
3847,603666,亿嘉和
3848,688095,福昕软件
3849,600933,爱柯迪
3850,603076,乐惠国际
3851,300921,南凌科技
3852,600776,东方通信
3853,600576,祥源文化
3854,603555,ST贵人
3855,002007,华兰生物
3856,688367,工大高科
3857,002275,桂林三金
3858,688678,福立旺
3859,300510,金冠股份
3860,300715,凯伦股份
3861,603838,四通股份
3862,002490,山东墨龙
3863,002582,好想你
3864,300300,海峡创新
3865,300787,海能实业
3866,600511,国药股份
3867,600640,号百控股
3868,600660,福耀玻璃
3869,600387,ST海越
3870,600756,浪潮软件
3871,600260,凯乐科技
3872,300008,天海防务
3873,002812,恩捷股份
3874,002652,扬子新材
3875,000802,ST北文
3876,002475,立讯精密
3877,300558,贝达药业
3878,002444,巨星科技
3879,000416,民生控股
3880,300860,锋尚文化
3881,688567,孚能科技
3882,688517,金冠电气
3883,603586,金麒麟
3884,600594,益佰制药
3885,002282,博深股份
3886,300147,香雪制药
3887,000931,中 关 村
3888,300719,安达维尔
3889,300603,立昂技术
3890,688578,艾力斯-U
3891,688356,键凯科技
3892,600774,汉商集团
3893,300635,中达安
3894,603993,洛阳钼业
3895,600433,冠豪高新
3896,300572,安车检测
3897,603156,养元饮品
3898,000999,华润三九
3899,300984,金沃股份
3900,600608,ST沪科
3901,002200,ST云投
3902,300350,华鹏飞
3903,603116,红蜻蜓
3904,002984,森麒麟
3905,300987,川网传媒
3906,300608,思特奇
3907,600671,ST目药
3908,300406,九强生物
3909,300965,恒宇信通
3910,000005,ST星源
3911,002956,西麦食品
3912,002430,杭氧股份
3913,300819,聚杰微纤
3914,301023,江南奕帆
3915,002048,宁波华翔
3916,603008,喜临门
3917,603444,吉比特
3918,000669,*ST金鸿
3919,600479,千金药业
3920,601236,红塔证券
3921,603739,蔚蓝生物
3922,688159,有方科技
3923,002294,信立泰
3924,300206,理邦仪器
3925,300199,翰宇药业
3926,002017,东信和平
3927,300867,圣元环保
3928,000835,*ST长动
3929,600201,生物股份
3930,600885,宏发股份
3931,002162,悦心健康
3932,000710,贝瑞基因
3933,300207,欣旺达
3934,000571,ST大洲
3935,300822,贝仕达克
3936,002461,珠江啤酒
3937,688399,硕世生物
3938,600379,宝光股份
3939,002977,天箭科技
3940,603799,华友钴业
3941,300354,东华测试
3942,300171,东富龙
3943,300377,赢时胜
3944,002940,昂利康
3945,603001,奥康国际
3946,603511,爱慕股份
3947,300051,ST三五
3948,603956,威派格
3949,300981,中红医疗
3950,002004,华邦健康
3951,605289,罗曼股份
3952,002366,台海核电
3953,603811,诚意药业
3954,688109,品茗股份
3955,300177,中海达
3956,600872,中炬高新
3957,000890,法尔胜
3958,300810,中科海讯
3959,002646,青青稞酒
3960,300142,沃森生物
3961,600406,国电南瑞
3962,300852,四会富仕
3963,603717,天域生态
3964,002273,水晶光电
3965,600655,豫园股份
3966,300622,博士眼镜
3967,300485,赛升药业
3968,000034,神州数码
3969,300166,东方国信
3970,002306,中科云网
3971,600193,创兴资源
3972,002917,金奥博
3973,688169,石头科技
3974,300995,奇德新材
3975,603127,昭衍新药
3976,600059,古越龙山
3977,002480,新筑股份
3978,002853,皮阿诺
3979,002481,双塔食品
3980,601279,英利汽车
3981,002929,润建股份
3982,600392,盛和资源
3983,600161,天坛生物
3984,605198,德利股份
3985,002770,*ST科迪
3986,300202,*ST 聚龙
3987,002817,黄山胶囊
3988,000066,中国长城
3989,600856,ST中天
3990,300352,北信源
3991,003041,真爱美家
3992,688389,普门科技
3993,300756,金马游乐
3994,002566,益盛药业
3995,000525,ST红太阳
3996,603355,莱克电气
3997,603786,科博达
3998,002447,*ST晨鑫
3999,000020,深华发Ａ
4000,600226,ST瀚叶
4001,300134,大富科技
4002,300887,谱尼测试
4003,600039,四川路桥
4004,000913,钱江摩托
4005,603939,益丰药房
4006,000697,炼石航空
4007,688505,复旦张江
4008,600332,白云山
4009,002901,大博医疗
4010,300446,*ST乐材
4011,000576,甘化科工
4012,603991,至正股份
4013,600477,杭萧钢构
4014,600476,湘邮科技
4015,688687,凯因科技
4016,002555,三七互娱
4017,002145,中核钛白
4018,603317,天味食品
4019,002982,湘佳股份
4020,000070,特发信息
4021,605108,同庆楼
4022,300249,依米康
4023,002271,东方雨虹
4024,600652,*ST游久
4025,000584,哈工智能
4026,603825,华扬联众
4027,002718,友邦吊顶
4028,688076,诺泰生物
4029,688067,爱威科技
4030,600577,精达股份
4031,300519,新光药业
4032,002355,兴民智通
4033,002614,奥佳华
4034,300381,溢多利
4035,600807,济南高新
4036,600191,*ST华资
4037,002726,龙大肉食
4038,600505,西昌电力
4039,603121,华培动力
4040,603656,泰禾智能
4041,300807,天迈科技
4042,300366,创意信息
4043,600809,山西汾酒
4044,603439,贵州三力
4045,000829,天音控股
4046,603617,君禾股份
4047,002513,蓝丰生化
4048,000766,通化金马
4049,002246,北化股份
4050,600211,西藏药业
4051,002427,ST尤夫
4052,300935,盈建科
4053,600884,杉杉股份
4054,002405,四维图新
4055,600769,祥龙电业
4056,002261,拓维信息
4057,002329,皇氏集团
4058,300055,万邦达
4059,300636,同和药业
4060,002572,索菲亚
4061,300869,康泰医学
4062,301010,晶雪节能
4063,600391,航发科技
4064,688136,科兴制药
4065,600372,中航电子
4066,688081,兴图新科
4067,000612,焦作万方
4068,601882,海天精工
4069,600704,物产中大
4070,688588,凌志软件
4071,605099,共创草坪
4072,300489,中飞股份
4073,003010,若羽臣
4074,603856,东宏股份
4075,300615,欣天科技
4076,603659,璞泰来
4077,300238,冠昊生物
4078,688013,天臣医疗
4079,300937,药易购
4080,300941,创识科技
4081,688221,前沿生物-U
4082,603629,利通电子
4083,300663,科蓝软件
4084,688065,凯赛生物
4085,603027,千禾味业
4086,600690,海尔智家
4087,300839,博汇股份
4088,002396,星网锐捷
4089,300894,火星人
4090,603538,美诺华
4091,603378,亚士创能
4092,002636,金安国纪
4093,603729,ST龙韵
4094,002975,博杰股份
4095,603777,来伊份
4096,000737,南风化工
4097,603697,有友食品
4098,600579,克劳斯
4099,002464,*ST众应
4100,600327,大东方
4101,600600,青岛啤酒
4102,300977,深圳瑞捷
4103,000561,烽火电子
4104,603109,神驰机电
4105,600159,大龙地产
4106,300271,华宇软件
4107,688026,洁特生物
4108,688558,国盛智科
4109,300755,华致酒行
4110,605268,王力安防
4111,600573,惠泉啤酒
4112,002644,佛慈制药
4113,002530,金财互联
4114,002236,大华股份
4115,300312,*ST邦讯
4116,600285,羚锐制药
4117,002959,小熊电器
4118,688529,豪森股份
4119,605259,绿田机械
4120,605388,均瑶健康
4121,002123,梦网科技
4122,688580,伟思医疗
4123,300757,罗博特科
4124,603187,海容冷链
4125,300613,富瀚微
4126,300872,天阳科技
4127,603387,基蛋生物
4128,688089,嘉必优
4129,300331,苏大维格
4130,002485,希努尔
4131,300815,玉禾田
4132,000544,中原环保
4133,300421,力星股份
4134,000692,惠天热电
4135,603533,掌阅科技
4136,600456,宝钛股份
4137,300153,科泰电源
4138,300743,天地数码
4139,002442,龙星化工
4140,000963,华东医药
4141,301004,嘉益股份
4142,688339,亿华通-U
4143,688501,青达环保
4144,301001,凯淳股份
4145,603138,海量数据
4146,600090,*ST济堂
4147,002113,*ST天润
4148,002563,森马服饰
4149,002304,洋河股份
4150,300996,普联软件
4151,600763,通策医疗
4152,300289,利德曼
4153,300138,晨光生物
4154,300445,康斯特
4155,000049,德赛电池
4156,002472,双环传动
4157,002833,弘亚数控
4158,000403,派林生物
4159,000153,丰原药业
4160,003030,祖名股份
4161,000048,京基智农
4162,300475,聚隆科技
4163,300618,寒锐钴业
4164,600877,电能股份
4165,603129,春风动力
4166,300370,ST安控
4167,300239,东宝生物
4168,300959,线上线下
4169,601101,昊华能源
4170,600543,莫高股份
4171,002180,纳思达
4172,688696,极米科技
4173,300443,金雷股份
4174,000625,长安汽车
4175,600271,航天信息
4176,600589,ST榕泰
4177,600146,*ST环球
4178,300730,科创信息
4179,600983,惠而浦
4180,688078,龙软科技
4181,600289,ST信通
4182,002570,贝因美
4183,300726,宏达电子
4184,300369,绿盟科技
4185,002010,传化智联
4186,603633,徕木股份
4187,002219,*ST恒康
4188,300673,佩蒂股份
4189,002950,奥美医疗
4190,300997,欢乐家
4191,000513,丽珠集团
4192,002813,路畅科技
4193,002991,甘源食品
4194,300847,中船汉光
4195,600587,新华医疗
4196,000831,五矿稀土
4197,300680,隆盛科技
4198,600276,恒瑞医药
4199,002568,百润股份
4200,002241,歌尔股份
4201,600896,*ST海医
4202,300141,和顺电气
4203,002912,中新赛克
4204,300015,爱尔眼科
4205,605168,三人行
4206,300910,瑞丰新材
4207,600405,动力源
4208,002884,凌霄泵业
4209,600060,海信视像
4210,300733,西菱动力
4211,300269,ST联建
4212,300326,凯利泰
4213,688202,美迪西
4214,300452,山河药辅
4215,002508,老板电器
4216,300945,曼卡龙
4217,688051,佳华科技
4218,603919,金徽酒
4219,000568,泸州老窖
4220,688201,信安世纪
4221,600559,老白干酒
4222,603801,志邦家居
4223,601528,瑞丰银行
4224,688586,江航装备
4225,002393,力生制药
4226,300633,开立医疗
4227,600876,洛阳玻璃
4228,300639,凯普生物
4229,003043,华亚智能
4230,300800,力合科技
4231,600298,安琪酵母
4232,603198,迎驾贡酒
4233,603895,天永智能
4234,002446,盛路通信
4235,600172,黄河旋风
4236,300599,雄塑科技
4237,600182,SST佳通
4238,300841,康华生物
4239,300044,*ST赛为
4240,000929,兰州黄河
4241,000509,*ST华塑
4242,301039,中集车辆
4243,300876,蒙泰高新
4244,002290,禾盛新材
4245,688319,欧林生物
4246,002640,*ST跨境
4247,605009,豪悦护理
4248,300579,数字认证
4249,603757,大元泵业
4250,300536,农尚环境
4251,300036,超图软件
4252,601566,九牧王
4253,603883,老百姓
4254,603217,元利科技
4255,000908,景峰医药
4256,002643,万润股份
4257,300653,正海生物
4258,002621,美吉姆
4259,603259,药明康德
4260,003000,劲仔食品
4261,600306,*ST商城
4262,002527,新时达
4263,300363,博腾股份
4264,300009,安科生物
4265,300099,精准信息
4266,688278,特宝生物
4267,002120,韵达股份
4268,600351,亚宝药业
4269,603730,岱美股份
4270,300920,润阳科技
4271,603876,鼎胜新材
4272,300035,中科电气
4273,600252,中恒集团
4274,603456,九洲药业
4275,603658,安图生物
4276,002667,鞍重股份
4277,000972,*ST中基
4278,300888,稳健医疗
4279,605098,行动教育
4280,002776,ST柏龙
4281,300832,新产业
4282,002286,保龄宝
4283,300690,双一科技
4284,600380,健康元
4285,002737,葵花药业
4286,003006,百亚股份
4287,300527,中船应急
4288,688288,鸿泉物联
4289,600548,深高速
4290,300725,药石科技
4291,688607,康众医疗
4292,002496,ST辉丰
4293,300928,华安鑫创
4294,300003,乐普医疗
4295,603416,信捷电气
4296,601579,会稽山
4297,002862,实丰文化
4298,002053,云南能投
4299,601689,拓普集团
4300,600084,*ST中葡
4301,000657,中钨高新
4302,002677,浙江美大
4303,300722,新余国科
4304,002875,安奈儿
4305,002358,ST森源
4306,688117,圣诺生物
4307,600745,闻泰科技
4308,600242,ST中昌
4309,605136,丽人丽妆
4310,300534,陇神戎发
4311,300549,优德精密
4312,300071,*ST嘉信
4313,002433,太安堂
4314,688598,金博股份
4315,300086,康芝药业
4316,002618,*ST丹邦
4317,300593,新雷能
4318,002773,康弘药业
4319,603168,莎普爱思
4320,300012,华测检测
4321,000950,重药控股
4322,002867,周大生
4323,002316,亚联发展
4324,300898,熊猫乳品
4325,603489,八方股份
4326,603399,吉翔股份
4327,002036,联创电子
4328,603908,牧高笛
4329,002269,美邦服饰
4330,603392,万泰生物
4331,300922,天秦装备
4332,300143,盈康生命
4333,688609,九联科技
4334,600538,国发股份
4335,600728,佳都科技
4336,002706,良信股份
4337,002370,亚太药业
4338,300530,*ST达志
4339,688611,杭州柯林
4340,002850,科达利
4341,603611,诺力股份
4342,603557,ST起步
4343,605378,野马电池
4344,300526,中潜股份
4345,300357,我武生物
4346,600882,妙可蓝多
4347,605180,华生科技
4348,603616,韩建河山
4349,600529,山东药玻
4350,002372,伟星新材
4351,688179,阿拉丁
4352,300573,兴齐眼药
4353,002144,宏达高科
4354,000860,顺鑫农业
4355,300516,久之洋
4356,300158,振东制药
4357,300911,亿田智能
4358,300858,科拓生物
4359,605337,李子园
4360,300018,中元股份
4361,300620,光库科技
4362,300424,航新科技
4363,688239,航宇科技
4364,002816,和科达
4365,605199,葫芦娃
4366,600259,广晟有色
4367,301012,扬电科技
4368,605011,杭州热电
4369,300942,易瑞生物
4370,000760,斯太退
4371,688276,百克生物
4372,600382,*ST广珠
4373,300529,健帆生物
4374,300495,*ST美尚
4375,301009,可靠股份
4376,300820,英杰电气
4377,300073,当升科技
4378,600664,哈药股份
4379,688066,航天宏图
4380,300685,艾德生物
4381,300318,博晖创新
4382,002183,怡 亚 通
4383,300409,道氏技术
4384,300508,维宏股份
4385,603301,XD振德医
4386,600258,首旅酒店
4387,603885,吉祥航空
4388,603157,*ST拉夏
4389,600746,江苏索普
4390,002612,朗姿股份
4391,002900,哈三联
4392,688113,联测科技
4393,300500,启迪设计
4394,002196,方正电机
4395,003020,立方制药
4396,002902,铭普光磁
4397,600199,金种子酒
4398,688198,佰仁医疗
4399,300864,南大环境
4400,002592,ST八菱
4401,002803,吉宏股份
4402,600993,马应龙
4403,603222,济民医疗
4404,688329,艾隆科技
4405,300037,新宙邦
4406,603501,韦尔股份
4407,605299,舒华体育
4408,601127,小康股份
4409,000595,宝塔实业
4410,002647,仁东控股
4411,300062,中能电气
4412,600628,新世界
4413,300955,嘉亨家化
4414,600750,江中药业
4415,300314,戴维医疗
4416,300511,雪榕生物
4417,600197,伊力特
4418,300896,爱美客
4419,002072,*ST凯瑞
4420,000056,皇庭国际
4421,603596,伯特利
4422,603326,我乐家居
4423,000606,ST顺利
4424,300782,卓胜微
4425,688166,博瑞医药
4426,300083,创世纪
4427,603345,安井食品
4428,688388,嘉元科技
4429,300791,仙乐健康
4430,603520,司太立
4431,002172,澳洋健康
4432,688083,中望软件
4433,301018,申菱环境
4434,603990,麦迪科技
4435,600557,康缘药业
4436,601567,三星医疗
4437,300347,泰格医药
4438,688366,昊海生科
4439,300713,英可瑞
4440,300307,慈星股份
4441,688575,亚辉龙
4442,600890,*ST中房
4443,688029,南微医学
4444,603233,大参林
4445,605089,味知香
4446,600702,舍得酒业
4447,600738,丽尚国潮
4448,688038,中科通达
4449,002439,启明星辰
4450,000687,*ST华讯
4451,300132,青松股份
4452,600331,宏达股份
4453,603517,绝味食品
4454,000519,中兵红箭
4455,600781,ST辅仁
4456,600721,*ST百花
4457,300966,共同药业
4458,300982,苏文电能
4459,000995,皇台酒业
4460,688068,热景生物
4461,300108,吉药控股
4462,300038,*ST数知
4463,300642,透景生命
4464,300737,科顺股份
4465,300116,保力新
4466,002638,勤上股份
4467,688656,浩欧博
4468,300630,普利制药
4469,002762,金发拉比
4470,603007,ST花王
4471,603613,国联股份
4472,688007,光峰科技
4473,688665,四方光电
4474,688663,新风光
4475,600085,同仁堂
4476,688085,三友医疗
4477,600291,*ST西水
4478,000004,国华网安
4479,300220,金运激光
4480,002501,*ST利源
4481,688139,海尔生物
4482,605369,拱东医疗
4483,300702,天宇股份
4484,605499,东鹏饮料
4485,300651,金陵体育
4486,300859,*ST西域
4487,600593,*ST圣亚
4488,600093,*ST易见
4489,002076,ST雪莱
4490,300523,辰安科技
4491,603858,步长制药
4492,002671,龙泉股份
4493,300980,祥源新材
4494,600196,复星医药
4495,603214,爱婴室
4496,688185,康希诺-U
4497,002938,鹏鼎控股
4498,300581,晨曦航空
4499,605005,合兴股份
4500,300471,厚普股份
4501,600200,江苏吴中
4502,600223,鲁商发展
4503,002359,北讯退
4504,000516,国际医学
4505,301013,利和兴
4506,002581,未名医药
4507,301027,华蓝集团
4508,002331,皖通科技
4509,688799,华纳药厂
4510,600976,健民集团
4511,002348,高乐股份
4512,688621,阳光诺和
4513,300065,海兰信
4514,600616,金枫酒业
4515,603738,泰晶科技
4516,688269,凯立新材
4517,002349,精华制药
4518,300437,清水源
4519,603025,大豪科技
4520,002625,光启技术
4521,000596,古井贡酒
4522,300992,泰福泵业
4523,301028,C东亚
4524,300181,佐力药业
4525,605336,帅丰电器
4526,300589,江龙船艇
4527,002933,新兴装备
4528,688016,心脉医疗
4529,301015,百洋医药
4530,688036,传音控股
4531,688133,泰坦科技
4532,603518,锦泓集团
4533,688301,奕瑞科技
4534,603987,康德莱
4535,000661,长春高新
4536,688561,奇安信-U
4537,000803,北清环能
4538,300204,舒泰神
4539,002622,融钰集团
4540,603324,盛剑环境
4541,688298,东方生物
4542,301026,C浩通
4543,300470,中密控股
4544,600753,东方银星
4545,603313,梦百合
4546,002205,国统股份
4547,688161,威高骨科
4548,688793,倍轻松
4549,688690,纳微科技
4550,688050,爱博医疗
4551,300122,智飞生物
4552,002772,众兴菌业
4553,000506,中润资源
4554,300825,阿尔特
4555,600329,中新药业
4556,600238,海南椰岛
4557,000615,奥园美谷
4558,605028,世茂能源
4559,603236,移远通信
4560,002564,天沃科技
4561,605186,健麾信息
4562,605162,新中港
4563,600381,青海春天
4564,600771,广誉远
4565,603486,科沃斯
4566,600699,均胜电子
4567,600522,中天科技
4568,002201,九鼎新材
4569,600436,片仔癀
4570,600230,沧州大化
4571,688087,英科再生
4572,300601,康泰生物
4573,301025,C读客
4574,300453,三鑫医疗
4575,688700,东威科技
4576,300362,天翔退
